rank,opportunity_type,publisher_id,publisher_name,publisher_domain,account_owner,account_type,territory,crm_id,crm_match_method,publisher_active_arr,performance_score,downloads,users,revenue,downloads_rank,users_rank,revenue_rank,app_count,main_mmp,mmp_mix,current_mmp_count,singular_app_count,is_recent_switcher,last_switch_date,switched_from,switched_to,apps_switched_recently,is_approaching_renewal,next_renewal_date,days_to_renewal,renewal_window_opens,next_renewal_mmp,main_mmp_next_renewal_date,apps_renewing_in_window,as_of_date
1,competitor_renewal,PUB-0019,Jubilee Interactive,jubileeinteractive.com,,,,,unmatched,,0.9951,12818164,5799164,40906939.10,2,1,2,3,AppsFlyer,"AppsFlyer 98% (2 apps), Kochava 2% (1 app)",2,0,true,2026-08-29,AppsFlyer,Kochava,1,true,2026-09-24,10,2026-06-26,AppsFlyer,2026-09-24,1,2026-09-14
2,switched_to_singular,PUB-0129,Monarch Guild,monarchguild.games,,,,,unmatched,,0.9878,13946017,4188037,48758978.54,1,6,1,5,AppsFlyer,"AppsFlyer 81% (4 apps), Singular 19% (1 app)",2,1,true,2026-04-27,AppsFlyer,Singular,1,false,2027-04-27,225,2027-01-27,Singular,2027-07-25,0,2026-09-14
3,competitor_renewal,PUB-0156,Harbor Dynamics,harbordynamics.com,Dara Nandakumar,Customer,LATAM,001CLZEBI4E2HMIAAO,domain,50000,0.9732,12772324,4476644,24127148.84,3,4,7,4,Kochava,"Kochava 75% (1 app), Branch 25% (3 apps)",2,0,false,,,,0,true,2026-10-01,17,2026-07-03,Branch,2026-12-20,2,2026-09-14
4,competitor_renewal,PUB-0054,Marble Interactive,marbleinteractive.io,Anders Costa,Prospect,EMEA,0013LP8JIC8787TAAO,domain,0,0.9708,11652837,3935433,30343236.35,4,7,4,5,Kochava,"Kochava 65% (4 apps), Adjust 35% (1 app)",2,0,true,2026-07-14,Kochava,Adjust,1,true,2026-11-20,67,2026-08-22,Kochava,2026-11-20,3,2026-09-14
5,switched_to_competitor,PUB-0155,Ivory Applications,ivoryapplications.com,Zara Takahashi,Prospect,APAC,001MIFN4IOT0MMUAAO,domain,0,0.9684,11138419,4676147,25634874.88,7,3,6,4,Kochava,"Kochava 50% (3 apps), Adjust 50% (1 app)",2,0,true,2026-04-13,Kochava,Adjust,1,false,2027-04-13,211,2027-01-13,Adjust,2027-06-13,0,2026-09-14
6,competitor_renewal,PUB-0180,Flint House,flinthouse.com,Camila Haddad,Prospect,EMEA,0016SCDIJZF9FYIAAO,domain,0,0.9635,11283649,4312088,23916499.62,5,5,8,3,Tenjin,"Tenjin 81% (2 apps), Singular 19% (1 app)",2,1,false,,,,0,true,2026-09-20,6,2026-06-22,Tenjin,2026-09-20,2,2026-09-14
7,competitor_renewal,PUB-0224,Yonder Atelier,yonderatelier.dev,Viktor Costa,Churned,EMEA,001P6UMIXL4C3XQAAO,domain,0,0.9611,11220549,5107449,21868557.42,6,2,11,2,AppsFlyer,"AppsFlyer 98% (1 app), Singular 2% (1 app)",2,1,true,2026-04-29,AppsFlyer,Singular,1,true,2026-10-16,32,2026-07-18,AppsFlyer,2026-10-16,1,2026-09-14
8,switched_to_competitor,PUB-0161,Ferrous House,ferroushouse.com,,,,,unmatched,,0.9465,9804327,3358230,22545874.93,8,8,9,3,AppsFlyer,"AppsFlyer 99% (2 apps), Adjust 1% (1 app)",2,0,true,2026-06-07,AppsFlyer,Adjust,1,false,2027-01-02,110,2026-10-04,AppsFlyer,2027-01-02,0,2026-09-14
9,competitor_renewal,PUB-0043,Zinc House,zinchouse.io,,,,,unmatched,,0.9392,7051284,3141487,30644681.51,14,11,3,2,Branch,"Branch 88% (1 app), AppsFlyer 12% (1 app)",2,0,true,2026-06-29,Branch,AppsFlyer,1,true,2026-09-26,12,2026-06-28,Branch,2026-09-26,1,2026-09-14
10,competitor_renewal,PUB-0011,Sable and Co,sableco.com,Zara Takahashi,Churned,APAC,0019NZ3HK1B796JAAO,name,0,0.9319,7630581,2524283,26936092.95,11,15,5,2,Branch,Branch 100% (2 apps),1,0,false,,,,0,true,2026-11-03,50,2026-08-05,Branch,2026-11-03,2,2026-09-14
11,competitor_renewal,PUB-0021,Ember Studios,emberstudios.co,Zara Takahashi,Churned,APAC,001T0264A6N4IPMAAO,domain,0,0.9294,8173897,2951016,22053683.74,10,12,10,5,Airbridge,Airbridge 100% (5 apps),1,0,false,,,,0,true,2026-10-11,27,2026-07-13,Airbridge,2026-10-11,5,2026-09-14
12,competitor_renewal,PUB-0024,Nettle Mobile,nettlemobile.com,Tobias Diallo,Prospect,US,001PVMKVI42GL9PAAO,domain,0,0.9173,9552838,3198524,12836634.55,9,10,18,4,Branch,Branch 100% (4 apps),1,0,false,,,,0,true,2026-10-11,27,2026-07-13,Branch,2026-10-11,4,2026-09-14
13,competitor_renewal,PUB-0102,Orbit Collective,orbitcollective.dev,Tobias Diallo,Prospect,US,001UR9LX8PF2RFAAAO,domain,0,0.9124,7332390,2808983,18672904.79,13,13,13,3,AppsFlyer,AppsFlyer 100% (3 apps),1,0,false,,,,0,true,2026-11-09,56,2026-08-11,AppsFlyer,2026-11-09,2,2026-09-14
14,competitor_renewal,PUB-0261,Ivory Studio,ivorystudio.co,,,,,unmatched,,0.9075,6854830,2706358,20934478.82,15,14,12,5,Kochava,Kochava 100% (5 apps),1,0,false,,,,0,true,2026-09-22,8,2026-06-24,Kochava,2026-09-22,5,2026-09-14
15,singular_renewal,PUB-0092,Jubilee Digital,jubileedigital.io,Zara Takahashi,Prospect,APAC,0010JOV6HJYBXM0AAO,domain,0,0.8954,6759444,2217452,14630578.95,16,16,14,6,Singular,"Singular 99% (5 apps), AppsFlyer 1% (1 app)",2,5,false,,,,0,true,2026-09-20,6,2026-06-22,Singular,2026-09-20,2,2026-09-14
16,competitor_renewal,PUB-0099,Delta Technologies,deltatechnologies.io,Dara Nandakumar,Prospect,LATAM,001WIERJOIDU3S6AAO,domain,0,0.8613,4818116,1726229,14254714.53,20,25,15,2,Adjust,Adjust 100% (2 apps),1,0,false,,,,0,true,2026-11-28,75,2026-08-30,Adjust,2026-11-28,2,2026-09-14
17,competitor_renewal,PUB-0078,Glimmer Studios,glimmerstudios.com,Rin Villalobos,Customer,US,001Y57INZYORO49AAO,domain,741000,0.8613,4970342,1929048,11990888.16,18,21,21,3,Adjust,Adjust 100% (3 apps),1,0,false,,,,0,true,2026-12-10,87,2026-09-11,Adjust,2026-12-10,2,2026-09-14
18,switched_to_singular,PUB-0085,Beacon Software,beaconsoftware.com,Zara Takahashi,Prospect,APAC,001FP89G6WCVNP3AAO,domain,0,0.854,7619362,3214975,7068355.36,12,9,42,3,Singular,"Singular 96% (1 app), Tenjin 4% (2 apps)",2,1,true,2026-07-29,Tenjin,Singular,1,false,2027-02-27,166,2026-11-29,Tenjin,2027-07-29,0,2026-09-14
19,competitor_renewal,PUB-0142,Hollow Digital,hollowdigital.co,Priya Okonkwo,Prospect,APAC,001CMEKOUJQLU06AAO,domain,0,0.8394,4378977,1819975,11834339.53,24,23,22,5,AppsFlyer,AppsFlyer 100% (5 apps),1,0,false,,,,0,true,2026-09-28,14,2026-06-30,AppsFlyer,2026-09-28,5,2026-09-14
20,competitor_renewal,PUB-0122,Umbra Union,umbraunion.com,,,,,unmatched,,0.8345,5999668,2136468,8246093.94,17,17,37,5,Tenjin,"Tenjin 100% (4 apps), AppsFlyer 0% (1 app)",2,0,false,,,,0,true,2026-09-22,8,2026-06-24,Tenjin,2026-09-22,2,2026-09-14
21,competitor_renewal,PUB-0147,Slate Atelier,slateatelier.io,Camila Haddad,Churned,EMEA,001PEDL2KU6ZYA4AAO,domain,0,0.8321,4176933,1960303,10306461.74,25,20,27,2,Branch,"Branch 97% (1 app), Adjust 3% (1 app)",2,0,false,,,,0,true,2026-11-23,70,2026-08-25,Branch,2026-11-23,1,2026-09-14
22,churned_from_singular,PUB-0163,Crimson Industries,crimsonindustries.app,Zara Takahashi,Prospect,APAC,0016O8WT03G5GD7AAO,name,0,0.8321,4950445,1994773,8477088.36,19,18,35,2,Singular,"Singular 52% (1 app), Adjust 48% (1 app)",2,1,true,2026-05-31,Singular,Adjust,1,true,2026-10-03,19,2026-07-05,Singular,2026-10-03,1,2026-09-14
23,competitor_renewal,PUB-0132,Ferrous Play,ferrousplay.io,,,,,unmatched,,0.8297,4409154,1713272,11153074.55,23,26,24,4,AppsFlyer,"AppsFlyer 56% (3 apps), Adjust 44% (1 app)",2,0,true,2026-05-18,AppsFlyer,Adjust,1,true,2026-10-16,32,2026-07-18,AppsFlyer,2026-10-16,3,2026-09-14
24,competitor_renewal,PUB-0243,Dune Labs,dunelabs.com,Priya Okonkwo,Customer,APAC,001F8VMYOORTG4UAAO,domain,691000,0.8224,3941013,1320714,13100332.42,26,33,17,6,Adjust,"Adjust 99% (5 apps), AppsFlyer 1% (1 app)",2,0,true,2026-07-14,Adjust,AppsFlyer,1,true,2026-09-20,6,2026-06-22,Adjust,2026-09-20,5,2026-09-14
25,competitor_renewal,PUB-0194,Obsidian Guild,obsidianguild.com,Dara Nandakumar,Prospect,LATAM,001LNRN4WN96NE6AAO,domain,0,0.82,3831672,1785223,11097240.41,28,24,25,4,AppsFlyer,"AppsFlyer 96% (3 apps), Adjust 4% (1 app)",2,0,true,2026-06-06,AppsFlyer,Adjust,1,true,2026-10-29,45,2026-07-31,AppsFlyer,2026-10-29,3,2026-09-14
26,competitor_renewal,PUB-0018,Bramble Labs,bramblelabs.com,Dara Nandakumar,Prospect,LATAM,00182F2S24BMI2QAAO,domain,0,0.8175,4813425,1970500,7537182.77,21,19,38,3,Branch,"Branch 98% (2 apps), Adjust 2% (1 app)",2,0,true,2026-07-24,Branch,Adjust,1,true,2026-10-16,32,2026-07-18,Branch,2026-10-16,2,2026-09-14
27,competitor_renewal,PUB-0260,Nova House,novahouse.com,Viktor Costa,Customer,EMEA,00190JB5W7PQ787AAO,domain,21000,0.8102,3468226,1357569,13100379.15,34,31,16,2,AppsFlyer,AppsFlyer 100% (2 apps),1,0,false,,,,0,true,2026-09-26,12,2026-06-28,AppsFlyer,2026-09-26,2,2026-09-14
28,competitor_renewal,PUB-0052,Ember House,emberhouse.io,Priya Okonkwo,Prospect,APAC,001YOZBBWL5B23TAAO,domain,0,0.8078,3696428,1380370,12376281.75,32,30,20,3,Adjust,Adjust 100% (3 apps),1,0,false,,,,0,true,2026-10-17,33,2026-07-19,Adjust,2026-10-17,3,2026-09-14
29,competitor_renewal,PUB-0140,Dune Mobile,dunemobile.com,,,,,unmatched,,0.8054,3725288,1319035,12811042.44,30,34,19,3,Adjust,"Adjust 66% (1 app), Kochava 34% (2 apps)",2,0,true,2026-06-29,Kochava,Adjust,1,true,2026-10-11,27,2026-07-13,Kochava,2027-06-29,2,2026-09-14
30,switched_to_singular,PUB-0045,Bramble Company,bramblecompany.app,Priya Okonkwo,Customer,APAC,001K29BS3CSFSJGAAO,domain,43000,0.7932,3711517,1455612,10079709.39,31,29,28,3,Singular,"Singular 65% (1 app), AppsFlyer 35% (2 apps)",2,1,true,2026-03-28,AppsFlyer,Singular,1,false,2027-03-28,195,2026-12-28,Singular,2027-03-28,0,2026-09-14
31,competitor_renewal,PUB-0256,Meridian Group,meridiangroup.com,Anders Costa,Prospect,EMEA,001A5LRTNUVTVA3AAO,domain,0,0.7737,4569351,1890402,5476008.68,22,22,52,5,Adjust,Adjust 100% (5 apps),1,0,false,,,,0,true,2026-09-22,8,2026-06-24,Adjust,2026-09-22,3,2026-09-14
32,switched_to_competitor,PUB-0236,Kappa Apps,kappaapps.app,,,,,unmatched,,0.7567,3801271,1546390,6361173.99,29,28,46,3,Adjust,"Adjust 64% (1 app), AppsFlyer 36% (2 apps)",2,0,true,2026-08-27,AppsFlyer,Adjust,1,false,2027-08-02,322,2027-05-04,AppsFlyer,2027-08-27,0,2026-09-14
33,switched_to_competitor,PUB-0275,Fathom Collective,fathomcollective.games,Rin Villalobos,Customer,US,001R9H88452L0AGAAO,domain,164000,0.7543,3035685,1192048,11261546.12,39,42,23,2,AppsFlyer,"AppsFlyer 65% (1 app), Branch 35% (1 app)",2,0,true,2026-07-21,AppsFlyer,Branch,1,false,2027-03-04,171,2026-12-04,AppsFlyer,2027-03-04,0,2026-09-14
34,switched_to_competitor,PUB-0100,Anchor Foundry,anchorfoundry.com,Camila Haddad,Prospect,EMEA,001OUPNDNCBKUNJAAO,domain,0,0.747,2949203,1279450,9241907.01,41,36,30,2,Branch,"Branch 96% (1 app), AppsFlyer 4% (1 app)",2,0,true,2026-04-23,Branch,AppsFlyer,1,false,2027-04-23,221,2027-01-23,AppsFlyer,2027-08-14,0,2026-09-14
35,switched_to_competitor,PUB-0125,Petrel Studios,petrelstudios.io,Viktor Costa,Customer,LATAM,001TTPKOZ8DX4TRAAO,domain,179000,0.7445,3300662,1213316,8930716.61,35,40,33,4,AppsFlyer,"AppsFlyer 88% (3 apps), Tenjin 12% (1 app)",2,0,true,2026-05-02,AppsFlyer,Tenjin,1,false,2026-12-19,96,2026-09-20,AppsFlyer,2026-12-19,0,2026-09-14
36,competitor_renewal,PUB-0116,Mosaic Dynamics,mosaicdynamics.com,Zara Takahashi,Customer,APAC,001OUOWSH8RXJ2QAAO,domain,84000,0.7445,3914413,1599758,4804432.88,27,27,54,6,Branch,"Branch 70% (5 apps), Singular 30% (1 app)",2,1,false,,,,0,true,2026-09-18,4,2026-06-20,Branch,2026-09-18,5,2026-09-14
37,switched_to_competitor,PUB-0040,Pallas Studios,pallasstudios.com,Anders Costa,Prospect,EMEA,001H6LGR5J4V6C2AAO,domain,0,0.7324,2792763,1201814,10380214.59,46,41,26,3,Tenjin,"Tenjin 96% (2 apps), Adjust 4% (1 app)",2,0,true,2026-05-10,Tenjin,Adjust,1,false,2027-02-12,151,2026-11-14,Tenjin,2027-02-12,0,2026-09-14
38,competitor_renewal,PUB-0159,Basalt Media,basaltmedia.com,Viktor Costa,Prospect,EMEA,001OEZHTU1T4CR5AAO,name,0,0.7299,3171551,1132989,9048049.71,37,45,32,2,AppsFlyer,"AppsFlyer 93% (1 app), Adjust 7% (1 app)",2,0,true,2026-04-23,AppsFlyer,Adjust,1,true,2026-10-03,19,2026-07-05,AppsFlyer,2026-10-03,1,2026-09-14
39,singular_renewal,PUB-0244,Orbit House,orbithouse.io,Viktor Costa,Partner,EMEA,001A9VN5I4RAJ7YAAO,domain,0,0.7275,3524712,1272680,6487261.20,33,37,45,2,AppsFlyer,"AppsFlyer 80% (1 app), Singular 20% (1 app)",2,1,false,,,,0,true,2026-10-27,43,2026-07-29,Singular,2027-02-08,1,2026-09-14
40,competitor_renewal,PUB-0039,Iris Innovations,irisinnovations.app,Dara Nandakumar,Prospect,LATAM,001Y2HA7EEX91ZGAAO,domain,0,0.7251,3093215,1228976,7379866.46,38,39,39,5,Kochava,"Kochava 99% (4 apps), AppsFlyer 1% (1 app)",2,0,false,,,,0,true,2026-11-13,60,2026-08-15,AppsFlyer,2027-07-22,1,2026-09-14
41,competitor_renewal,PUB-0027,Hazel Dynamics,hazeldynamics.com,Anders Costa,Prospect,EMEA,001IZ67UTEZ4GE3AAO,domain,0,0.6959,2812394,1181355,7273043.22,45,43,40,2,Branch,"Branch 91% (1 app), Singular 9% (1 app)",2,1,false,,,,0,true,2026-10-16,32,2026-07-18,Branch,2026-10-16,1,2026-09-14
42,competitor_renewal,PUB-0217,Nomad House,nomadhouse.com,Tobias Diallo,Customer,US,00157D9JXK49JCGAAO,domain,705000,0.6813,2920327,1154377,5901113.08,42,44,48,2,Branch,"Branch 93% (1 app), AppsFlyer 7% (1 app)",2,0,false,,,,0,true,2026-10-16,32,2026-07-18,AppsFlyer,2026-11-03,2,2026-09-14
43,competitor_renewal,PUB-0167,Onyx Networks,onyxnetworks.games,Priya Okonkwo,Prospect,APAC,001OIS0XIL0FJH0AAO,domain,0,0.6788,2825411,1271803,5208668.63,44,38,53,3,AppsFlyer,"AppsFlyer 97% (1 app), Adjust 3% (2 apps)",2,0,true,2026-06-12,Adjust,AppsFlyer,1,true,2026-09-24,10,2026-06-26,Adjust,2027-06-12,1,2026-09-14
44,switched_to_competitor,PUB-0012,Juniper Works,juniperworks.io,Dara Nandakumar,Prospect,LATAM,001NIMJVH8GEOXNAAO,name,0,0.6667,2492916,883786,8309139.58,50,54,36,2,Adjust,"Adjust 91% (1 app), Tenjin 9% (1 app)",2,0,true,2026-09-01,Tenjin,Adjust,1,false,2027-06-14,273,2027-03-16,Tenjin,2027-09-01,0,2026-09-14
45,switched_to_competitor,PUB-0144,Bramble Interactive,brambleinteractive.com,Dara Nandakumar,Partner,LATAM,0011HSS5BN1C0ZNAAO,domain,0,0.6642,2388130,784481,10025237.44,53,59,29,2,Adjust,"Adjust 94% (1 app), AppsFlyer 6% (1 app)",2,0,true,2026-06-01,AppsFlyer,Adjust,1,false,2027-03-06,173,2026-12-06,AppsFlyer,2027-06-01,0,2026-09-14
46,competitor_renewal,PUB-0168,Pallas Studio,pallasstudio.com,Dara Nandakumar,Prospect,LATAM,001RDB67EZOOV3VAAO,domain,0,0.6642,2342748,842632,9144243.51,55,55,31,2,AppsFlyer,AppsFlyer 100% (2 apps),1,0,false,,,,0,true,2026-12-07,84,2026-09-08,AppsFlyer,2026-12-07,2,2026-09-14
47,switched_to_competitor,PUB-0134,Thistle Interactive,thistleinteractive.io,Zara Takahashi,Prospect,APAC,0011LOMT0V417YHAAO,domain,0,0.6545,3264040,1082897,4087790.29,36,48,61,2,Tenjin,"Tenjin 91% (1 app), Adjust 9% (1 app)",2,0,true,2026-04-25,Adjust,Tenjin,1,false,2027-03-26,193,2026-12-26,Adjust,2027-04-25,0,2026-09-14
48,competitor_renewal,PUB-0214,Petrel Apps,petrelapps.dev,Zara Takahashi,Prospect,APAC,001AENBH4V4BTYFAAO,domain,0,0.6521,2262978,1079177,7080117.33,56,49,41,1,AppsFlyer,AppsFlyer 100% (1 app),1,0,false,,,,0,true,2026-11-13,60,2026-08-15,AppsFlyer,2026-11-13,1,2026-09-14
49,competitor_renewal,PUB-0079,Jetty Union,jettyunion.com,Zara Takahashi,Churned,APAC,0016CKB1FB4T8NNAAO,domain,0,0.6472,2462296,949120,6731776.09,52,52,44,3,Kochava,Kochava 100% (3 apps),1,0,false,,,,0,true,2026-11-13,60,2026-08-15,Kochava,2026-11-13,1,2026-09-14
50,competitor_renewal,PUB-0095,Tundra Solutions,tundrasolutions.co,Viktor Costa,Prospect,EMEA,001DJF6M1LEL2RKAAO,domain,0,0.6399,2957695,1352878,2457978.87,40,32,79,2,Airbridge,"Airbridge 92% (1 app), Kochava 8% (1 app)",2,0,false,,,,0,true,2026-10-16,32,2026-07-18,Airbridge,2026-10-16,1,2026-09-14
51,competitor_renewal,PUB-0235,Ridge Atelier,ridgeatelier.ai,Priya Okonkwo,Prospect,APAC,001NR9SZXIBZHNEAAO,domain,0,0.6375,2252434,764558,8897277.51,57,61,34,3,AppsFlyer,"AppsFlyer 88% (2 apps), Tenjin 12% (1 app)",2,0,false,,,,0,true,2026-11-08,55,2026-08-10,Tenjin,2027-05-04,1,2026-09-14
52,competitor_renewal,PUB-0087,Vesper Group,vespergroup.com,Dara Nandakumar,Prospect,LATAM,001ZBKS37BZ753ZAAO,domain,0,0.6375,2508803,1121972,4730286.94,49,46,57,2,Tenjin,Tenjin 100% (2 apps),1,0,false,,,,0,true,2026-10-11,27,2026-07-13,Tenjin,2026-10-11,2,2026-09-14
53,switched_to_competitor,PUB-0110,Vellum Studio,vellumstudio.com,,,,,unmatched,,0.618,2862396,1298594,1942045.75,43,35,82,2,AppsFlyer,"AppsFlyer 94% (1 app), Branch 6% (1 app)",2,0,true,2026-03-23,AppsFlyer,Branch,1,false,2027-03-23,190,2026-12-23,Branch,2027-04-22,0,2026-09-14
54,switched_to_singular,PUB-0076,Quill Apps,quillapps.net,Dara Nandakumar,Prospect,LATAM,001N850OH53MJNYAAO,domain,0,0.5985,1729366,766141,7065440.16,65,60,43,2,Branch,"Branch 85% (1 app), Singular 15% (1 app)",2,1,true,2026-05-11,Branch,Singular,1,false,2027-04-27,225,2027-01-27,Branch,2027-04-27,0,2026-09-14
55,competitor_renewal,PUB-0089,Fable Solutions,fablesolutions.net,,,,,unmatched,,0.5888,2586695,1096401,2674525.77,48,47,77,2,AppsFlyer,AppsFlyer 100% (2 apps),1,0,false,,,,0,true,2026-10-05,21,2026-07-07,AppsFlyer,2026-10-05,2,2026-09-14
56,competitor_renewal,PUB-0173,Solstice Ventures,solsticeventures.io,Dara Nandakumar,Prospect,LATAM,0018CRIULMWNSYVAAO,domain,0,0.5815,2625852,1027755,2643141.27,47,50,78,3,Branch,Branch 100% (3 apps),1,0,false,,,,0,true,2026-09-27,13,2026-06-29,Branch,2026-09-27,3,2026-09-14
57,competitor_renewal,PUB-0164,Quarry Atelier,quarryatelier.com,Camila Haddad,Partner,EMEA,001RHY2KJRX8O01AAO,domain,0,0.5766,2491525,1015209,2735865.20,51,51,75,2,Branch,"Branch 95% (1 app), Kochava 5% (1 app)",2,0,false,,,,0,true,2026-11-18,65,2026-08-20,Branch,2026-11-18,1,2026-09-14
58,switched_to_competitor,PUB-0009,Brightfin,brightfin.app,,,,,unmatched,,0.5718,2368859,840433,3162041.85,54,56,69,2,Kochava,"Kochava 61% (1 app), AppsFlyer 39% (1 app)",2,0,true,2026-08-30,Kochava,AppsFlyer,1,false,2027-03-11,178,2026-12-11,Kochava,2027-03-11,0,2026-09-14
59,competitor_renewal,PUB-0103,Thistle Labs,thistlelabs.io,,,,,unmatched,,0.5693,1678216,745903,5577744.56,67,62,51,2,AppsFlyer,AppsFlyer 100% (2 apps),1,0,false,,,,0,true,2026-12-12,89,2026-09-13,AppsFlyer,2026-12-12,1,2026-09-14
60,switched_to_singular,PUB-0107,Meridian Solutions,meridiansolutions.co,Priya Okonkwo,Prospect,APAC,00198DVYCQE23VOAAO,domain,0,0.5669,2156765,937833,3080675.48,58,53,70,4,AppsFlyer,"AppsFlyer 97% (3 apps), Singular 3% (1 app)",2,1,true,2026-08-23,AppsFlyer,Singular,1,false,2027-02-07,146,2026-11-09,AppsFlyer,2027-02-07,0,2026-09-14
61,competitor_renewal,PUB-0280,Aurora Labs,auroralabs.com,Tobias Diallo,Prospect,US,001Q3ARDNQ0ZX6YAAO,domain,0,0.5596,1900123,744813,4577213.89,62,63,59,2,Kochava,Kochava 100% (2 apps),1,0,false,,,,0,true,2026-09-24,10,2026-06-26,Kochava,2026-09-24,2,2026-09-14
62,competitor_renewal,PUB-0005,Pinewood Digital,pinewood-digital.com,Dara Nandakumar,Prospect,LATAM,001WDS92ZKYEBJ2AAO,domain,0,0.5572,1888960,653007,4765721.70,63,67,55,3,Adjust,Adjust 100% (3 apps),1,0,false,,,,0,true,2026-09-27,13,2026-06-29,Adjust,2026-09-27,3,2026-09-14
63,competitor_renewal,PUB-0225,Ionic Networks,ionicnetworks.com,Dara Nandakumar,Prospect,LATAM,0019QA4TZS37K8UAAO,domain,0,0.5547,1928118,803947,3336153.54,61,58,67,2,Kochava,Kochava 100% (2 apps),1,0,false,,,,0,true,2026-10-29,45,2026-07-31,Kochava,2026-10-29,2,2026-09-14
64,switched_to_singular,PUB-0108,Cedar Solutions,cedarsolutions.io,Zara Okonkwo,Prospect,US,001LETDX8JTYWHHAAO,domain,0,0.5474,1979653,731240,3510295.18,60,65,64,4,Singular,"Singular 83% (1 app), Branch 17% (3 apps)",2,1,true,2026-05-22,Branch,Singular,1,false,2027-02-16,155,2026-11-18,Branch,2027-05-22,0,2026-09-14
65,competitor_renewal,PUB-0191,Rook Ventures,rookventures.com,,Prospect,LATAM,001J5LEQA1QRN4HAAO,domain,0,0.545,1554048,614338,5828738.62,72,69,49,1,Adjust,Adjust 100% (1 app),1,0,false,,,,0,true,2026-09-29,15,2026-07-01,Adjust,2026-09-29,1,2026-09-14
66,competitor_renewal,PUB-0084,Nova Play,novaplay.com,Camila Haddad,Prospect,EMEA,00150F1P0OK9YTUAAO,domain,0,0.545,1686040,508761,5731220.97,66,74,50,3,AppsFlyer,AppsFlyer 100% (3 apps),1,0,false,,,,0,true,2026-11-04,51,2026-08-06,AppsFlyer,2026-11-04,3,2026-09-14
67,competitor_renewal,PUB-0066,Cedar Networks,cedarnetworks.io,Tobias Diallo,Prospect,US,0013OCDORS4WB9RAAO,domain,0,0.5255,1777643,543055,3924344.81,64,72,62,4,AppsFlyer,"AppsFlyer 79% (1 app), Adjust 21% (3 apps)",2,0,true,2026-09-14,Adjust,AppsFlyer,1,true,2026-11-21,68,2026-08-23,Adjust,2027-09-14,1,2026-09-14
68,competitor_renewal,PUB-0228,Onyx House,onyxhouse.co,Tobias Diallo,Churned,US,0012TUBN2Q2DJPNAAO,domain,0,0.5255,1657216,742762,3403338.83,68,64,66,3,AppsFlyer,"AppsFlyer 84% (2 apps), Singular 16% (1 app)",2,1,true,2026-06-22,AppsFlyer,Singular,1,true,2026-11-14,61,2026-08-16,AppsFlyer,2026-11-14,2,2026-09-14
69,switched_to_competitor,PUB-0216,Kindle Guild,kindleguild.com,Anders Costa,Prospect,EMEA,001Y95JUYD39K77AAO,domain,0,0.5231,1430564,410318,6178558.76,74,78,47,2,Tenjin,"Tenjin 90% (1 app), Branch 10% (1 app)",2,0,true,2026-05-06,Branch,Tenjin,1,false,2027-05-06,234,2027-02-05,Tenjin,2027-05-06,0,2026-09-14
70,competitor_renewal,PUB-0195,Wren Labs,wrenlabs.co,Dara Nandakumar,Prospect,LATAM,001ZABC2PE0SRGGAAO,domain,0,0.5207,1652487,625574,3855136.30,69,68,63,2,AppsFlyer,AppsFlyer 100% (2 apps),1,0,false,,,,0,true,2026-10-19,35,2026-07-21,AppsFlyer,2026-10-19,2,2026-09-14
71,competitor_renewal,PUB-0189,Hazel Solutions,hazelsolutions.io,Dara Nandakumar,Prospect,LATAM,0015Z7R9085WPTNAAO,name,0,0.5182,1587982,570184,4156344.83,71,70,60,3,AppsFlyer,"AppsFlyer 81% (2 apps), Singular 19% (1 app)",2,1,false,,,,0,true,2026-10-11,27,2026-07-13,AppsFlyer,2026-10-11,3,2026-09-14
72,switched_to_singular,PUB-0188,Orbit Systems,orbitsystems.com,Dara Nandakumar,Partner,LATAM,001C53KUXBEH3AVAAO,domain,0,0.5012,1388368,451945,4758800.88,75,77,56,3,AppsFlyer,"AppsFlyer 92% (2 apps), Singular 8% (1 app)",2,1,true,2026-06-18,AppsFlyer,Singular,1,false,2027-06-18,277,2027-03-20,Singular,2027-07-04,0,2026-09-14
73,competitor_renewal,PUB-0032,Jubilee Systems,jubileesystems.co,Zara Takahashi,Prospect,APAC,001FS951SS2DCX1AAO,domain,0,0.4988,1454068,543978,3418000.11,73,71,65,4,Kochava,"Kochava 73% (1 app), Airbridge 27% (3 apps)",2,0,false,,,,0,true,2026-09-30,16,2026-07-02,Airbridge,2027-01-12,3,2026-09-14
74,competitor_renewal,PUB-0128,Wren Ventures,wrenventures.com,,,,,unmatched,,0.4988,1986594,824939,1201121.03,59,57,93,1,Kochava,Kochava 100% (1 app),1,0,false,,,,0,true,2026-10-15,31,2026-07-17,Kochava,2026-10-15,1,2026-09-14
75,competitor_renewal,PUB-0286,Vesper Atelier,vesperatelier.com,,,,,unmatched,,0.4866,1096672,469979,4723665.68,80,76,58,2,Adjust,"Adjust 95% (1 app), AppsFlyer 5% (1 app)",2,0,false,,,,0,true,2026-10-13,29,2026-07-15,Adjust,2026-10-13,1,2026-09-14
76,churned_from_singular,PUB-0209,Ember Ventures,emberventures.games,Anders Costa,Prospect,EMEA,001HWCI91SIRKZGAAO,domain,0,0.4818,1611637,717030,2328857.03,70,66,80,2,Singular,"Singular 82% (1 app), AppsFlyer 18% (1 app)",2,1,true,2026-08-11,Singular,AppsFlyer,1,true,2026-12-04,81,2026-09-05,Singular,2026-12-04,1,2026-09-14
77,competitor_renewal,PUB-0080,Umbra Media,umbramedia.co,Priya Okonkwo,Churned,APAC,001HPMUBT22A1V8AAO,domain,0,0.4526,1183333,406845,3066866.14,78,79,71,4,Adjust,Adjust 100% (4 apps),1,0,false,,,,0,true,2026-09-21,7,2026-06-23,Adjust,2026-09-21,3,2026-09-14
78,switched_to_competitor,PUB-0182,Lyre Labs,lyrelabs.net,,Prospect,US,001OWEWG46U4TR3AAO,domain,0,0.438,851267,381402,3170887.61,85,81,68,3,AppsFlyer,"AppsFlyer 82% (2 apps), Branch 18% (1 app)",2,0,true,2026-08-19,AppsFlyer,Branch,1,false,2027-02-23,162,2026-11-25,AppsFlyer,2027-02-23,0,2026-09-14
79,competitor_renewal,PUB-0272,Jasper Media,jaspermedia.com,Priya Okonkwo,Partner,APAC,001ZOYR3WVCLQ3LAAO,domain,0,0.4307,1190554,524649,1491759.60,77,73,87,2,Branch,Branch 100% (2 apps),1,0,false,,,,0,true,2026-10-13,29,2026-07-15,Branch,2026-10-13,2,2026-09-14
80,switched_to_competitor,PUB-0001,Nimbus Interactive,nimbusint.com,Tobias Diallo,Prospect,US,0014UZ9QMC1CTL2AAO,domain,0,0.4234,856517,356921,2927143.98,84,84,72,4,AppsFlyer,"AppsFlyer 87% (3 apps), Adjust 13% (1 app)",2,0,true,2026-07-02,AppsFlyer,Adjust,1,false,2027-04-12,210,2027-01-12,AppsFlyer,2027-04-12,0,2026-09-14
81,switched_to_competitor,PUB-0226,Sundial Union,sundialunion.com,Zara Okonkwo,Churned,US,001GQBSWNF802RLAAO,domain,0,0.4234,863984,361443,2864789.55,83,83,74,2,Adjust,"Adjust 66% (1 app), AppsFlyer 34% (1 app)",2,0,true,2026-07-04,AppsFlyer,Adjust,1,false,2027-04-13,211,2027-01-13,AppsFlyer,2027-07-04,0,2026-09-14
82,competitor_renewal,PUB-0104,Timber Atelier,timberatelier.com,Dara Nandakumar,Prospect,LATAM,001W35VSQWJAA43AAO,domain,0,0.4209,1249236,478463,1371147.28,76,75,90,2,AppsFlyer,AppsFlyer 100% (2 apps),1,0,false,,,,0,true,2026-10-07,23,2026-07-09,AppsFlyer,2026-10-07,2,2026-09-14
83,competitor_renewal,PUB-0165,Ivory Digital,ivorydigital.co,Dara Nandakumar,Prospect,LATAM,001KOK7X1QQQEOKAAO,domain,0,0.4185,1119768,368408,2221948.35,79,82,81,3,Branch,"Branch 76% (1 app), Adjust 24% (2 apps)",2,0,true,2026-07-15,Adjust,Branch,1,true,2026-10-07,23,2026-07-09,Adjust,2027-07-15,2,2026-09-14
84,competitor_renewal,PUB-0077,Lantern Media,lanternmedia.com,Dara Nandakumar,Prospect,LATAM,001T93OE2IWMPMDAAO,domain,0,0.4088,928646,403251,1704797.75,82,80,84,2,Tenjin,"Tenjin 71% (1 app), Kochava 29% (1 app)",2,0,true,2026-06-02,Tenjin,Kochava,1,true,2026-09-25,11,2026-06-27,Tenjin,2026-09-25,1,2026-09-14
85,competitor_renewal,PUB-0072,Drift Interactive,driftinteractive.com,Anders Costa,Prospect,EMEA,00120KYA5BVXWTNAAO,domain,0,0.4015,721114,231600,2912803.31,87,89,73,1,AppsFlyer,AppsFlyer 100% (1 app),1,0,false,,,,0,true,2026-11-25,72,2026-08-27,AppsFlyer,2026-11-25,1,2026-09-14
86,competitor_renewal,PUB-0002,Cobalt Play,cobaltplay.io,Dara Nandakumar,Prospect,LATAM,0018HX1L10K48LPAAO,domain,0,0.3966,717975,266215,2678535.30,88,87,76,3,Adjust,"Adjust 66% (2 apps), AppsFlyer 34% (1 app)",2,0,true,2026-06-18,Adjust,AppsFlyer,1,true,2026-09-30,16,2026-07-02,Adjust,2026-09-30,2,2026-09-14
87,switched_to_competitor,PUB-0010,Kestrel Digital,kestreldigital.com,Camila Haddad,Prospect,EMEA,00125P5XN9NJA9SAAO,domain,0,0.3698,755194,343880,1267479.92,86,85,91,2,Airbridge,"Airbridge 77% (1 app), AppsFlyer 23% (1 app)",2,0,true,2026-04-21,Airbridge,AppsFlyer,1,false,2027-04-21,219,2027-01-21,AppsFlyer,2027-07-08,0,2026-09-14
88,competitor_renewal,PUB-0289,Yonder Foundry,yonderfoundry.com,Priya Okonkwo,Prospect,APAC,001N51K08T7IRY4AAO,domain,0,0.3504,516197,209623,1826271.29,94,93,83,2,AppsFlyer,"AppsFlyer 98% (1 app), Kochava 2% (1 app)",2,0,false,,,,0,true,2026-10-27,43,2026-07-29,AppsFlyer,2026-10-27,1,2026-09-14
89,switched_to_competitor,PUB-0124,Willow Atelier,willowatelier.io,Camila Haddad,Customer,EMEA,001XSNGFNK3BZ2GAAO,domain,786000,0.3431,625813,182199,1487867.61,91,94,88,2,Adjust,"Adjust 87% (1 app), Branch 13% (1 app)",2,0,true,2026-03-18,Adjust,Branch,1,false,2026-12-30,107,2026-10-01,Adjust,2026-12-30,0,2026-09-14
90,competitor_renewal,PUB-0172,Cinder Dynamics,cinderdynamics.com,Dara Nandakumar,Prospect,LATAM,001XW8Z8XWZ6JKOAAO,domain,0,0.3382,631418,222202,1187034.05,90,91,94,2,Airbridge,Airbridge 100% (2 apps),1,0,false,,,,0,true,2026-10-17,33,2026-07-19,Airbridge,2026-10-17,2,2026-09-14
91,competitor_renewal,PUB-0162,Mosaic Solutions,mosaicsolutions.com,Anders Costa,Prospect,EMEA,001VQ6RH116O3NSAAO,domain,0,0.3382,942834,326863,847521.49,81,86,108,2,Kochava,"Kochava 75% (1 app), Adjust 25% (1 app)",2,0,false,,,,0,true,2026-12-10,87,2026-09-11,Kochava,2026-12-10,1,2026-09-14
92,switched_to_competitor,PUB-0090,Beacon Group,beacongroup.com,,,,,unmatched,,0.3309,468387,180581,1509958.32,97,95,86,3,AppsFlyer,"AppsFlyer 63% (2 apps), Airbridge 37% (1 app)",2,0,true,2026-03-23,AppsFlyer,Airbridge,1,false,2027-03-23,190,2026-12-23,Airbridge,2027-04-20,0,2026-09-14
93,competitor_renewal,PUB-0270,Opal Digital,opaldigital.com,Camila Haddad,Prospect,EMEA,001CS64B9T02JTYAAO,domain,0,0.326,618946,210324,1152602.32,92,92,96,3,AppsFlyer,"AppsFlyer 60% (2 apps), Adjust 40% (1 app)",2,0,true,2026-04-20,AppsFlyer,Adjust,1,true,2026-09-16,2,2026-06-18,AppsFlyer,2026-09-16,1,2026-09-14
94,competitor_renewal,PUB-0218,Jasper Networks,jaspernetworks.co,Zara Okonkwo,Prospect,US,001EX15949AAJTSAAO,domain,0,0.309,717852,245579,779045.16,89,88,110,3,AppsFlyer,AppsFlyer 100% (3 apps),1,0,false,,,,0,true,2026-09-14,0,2026-06-16,AppsFlyer,2026-09-14,2,2026-09-14
95,churned_from_singular,PUB-0276,Kindle Partners,kindlepartners.com,Zara Takahashi,Prospect,APAC,001DEEV69QXDWR4AAO,domain,0,0.3017,442978,142049,1531634.24,99,106,85,2,Adjust,"Adjust 62% (1 app), Singular 38% (1 app)",2,1,true,2026-08-29,Singular,Adjust,1,false,2027-02-28,167,2026-11-30,Singular,2027-08-29,0,2026-09-14
96,competitor_renewal,PUB-0006,Halcyon Mobile,halcyonmobile.net,Zara Okonkwo,Prospect,US,001BMCFKQQZAF0XAAO,domain,0,0.2944,497063,157718,1043386.25,95,100,98,2,Singular,"Singular 59% (1 app), AppsFlyer 41% (1 app)",2,1,true,2026-05-06,AppsFlyer,Singular,1,true,2026-12-01,78,2026-09-02,AppsFlyer,2027-05-06,1,2026-09-14
97,competitor_renewal,PUB-0283,Gossamer Union,gossamerunion.io,,,,,unmatched,,0.292,380660,158980,1450484.88,106,99,89,2,Branch,"Branch 59% (1 app), AppsFlyer 41% (1 app)",2,0,false,,,,0,true,2026-11-26,73,2026-08-28,Branch,2026-11-26,1,2026-09-14
98,competitor_renewal,PUB-0086,Upland Industries,uplandindustries.com,,,,,unmatched,,0.292,523591,223571,766929.10,93,90,111,3,Singular,"Singular 57% (1 app), AppsFlyer 43% (2 apps)",2,1,true,2026-07-17,AppsFlyer,Singular,1,true,2026-11-16,63,2026-08-18,AppsFlyer,2027-07-17,2,2026-09-14
99,switched_to_competitor,PUB-0065,Vellum Foundry,vellumfoundry.net,Priya Okonkwo,Customer,APAC,00157MKO7FH5E2KAAO,domain,42000,0.2871,405993,160011,1178083.16,103,98,95,4,Branch,"Branch 81% (3 apps), AppsFlyer 19% (1 app)",2,0,true,2026-05-14,Branch,AppsFlyer,1,false,2027-05-14,242,2027-02-13,AppsFlyer,2027-08-30,0,2026-09-14
100,competitor_renewal,PUB-0007,Tessera Apps,tesseraapps.com,Priya Okonkwo,Customer,APAC,001I3MSFHWB7ZOVAAO,name,41000,0.2822,443094,151835,1019790.73,98,101,99,2,Branch,Branch 100% (2 apps),1,0,false,,,,0,true,2026-09-22,8,2026-06-24,Branch,2026-09-22,2,2026-09-14
101,competitor_renewal,PUB-0105,Pivot Networks,pivotnetworks.co,Dara Nandakumar,Prospect,LATAM,001EL8PYUR1A776AAO,domain,0,0.2652,418429,146889,962927.09,102,102,101,3,Adjust,"Adjust 85% (2 apps), AppsFlyer 15% (1 app)",2,0,false,,,,0,true,2026-10-27,43,2026-07-29,AppsFlyer,2026-12-24,1,2026-09-14
102,switched_to_competitor,PUB-0111,Kiln Studios,kilnstudios.games,Rin Villalobos,Customer,US,001T4UAIV4UPF6SAAO,domain,177000,0.2603,372621,140543,1267023.87,107,108,92,2,Airbridge,"Airbridge 77% (1 app), Branch 23% (1 app)",2,0,true,2026-04-17,Airbridge,Branch,1,false,2027-04-17,215,2027-01-17,Branch,2027-08-18,0,2026-09-14
103,competitor_renewal,PUB-0231,Sundial Systems,sundialsystems.co,Zara Takahashi,Partner,APAC,001U4OXI88BU4ZXAAO,name,0,0.2482,358053,170644,895206.38,109,96,107,2,Adjust,Adjust 100% (2 apps),1,0,false,,,,0,true,2026-12-05,82,2026-09-06,Adjust,2026-12-05,2,2026-09-14
104,singular_renewal,PUB-0063,Timber Software,timbersoftware.dev,Camila Haddad,Prospect,EMEA,001NKLCQY2ZDNL9AAO,domain,0,0.2433,420213,164188,633337.36,101,97,116,3,Singular,Singular 100% (3 apps),1,3,false,,,,0,true,2026-09-20,6,2026-06-22,Singular,2026-09-20,1,2026-09-14
105,switched_to_competitor,PUB-0265,Onyx Union,onyxunion.co,,,,,unmatched,,0.2409,474703,142485,707367.28,96,105,114,2,AppsFlyer,"AppsFlyer 97% (1 app), Branch 3% (1 app)",2,0,true,2026-06-29,AppsFlyer,Branch,1,false,2027-05-16,244,2027-02-15,AppsFlyer,2027-05-16,0,2026-09-14
106,competitor_renewal,PUB-0091,Thistle Dynamics,thistledynamics.ai,Priya Okonkwo,Prospect,APAC,001CL2K40RLE16NAAO,domain,0,0.2287,386505,145240,733976.05,105,103,112,2,AppsFlyer,AppsFlyer 100% (2 apps),1,0,false,,,,0,true,2026-11-21,68,2026-08-23,AppsFlyer,2026-11-21,1,2026-09-14
107,competitor_renewal,PUB-0064,Cinder Innovations,cinderinnovations.com,,,,,unmatched,,0.2214,331831,118893,1064459.37,111,115,97,3,AppsFlyer,AppsFlyer 100% (3 apps),1,0,false,,,,0,true,2026-10-13,29,2026-07-15,AppsFlyer,2026-10-13,3,2026-09-14
108,competitor_renewal,PUB-0174,Indigo Systems,indigosystems.com,,,,,unmatched,,0.2214,318272,134207,967980.69,113,110,100,2,AppsFlyer,AppsFlyer 100% (2 apps),1,0,false,,,,0,true,2026-10-10,26,2026-07-12,AppsFlyer,2026-10-10,2,2026-09-14
109,competitor_renewal,PUB-0127,Glimmer Interactive,glimmerinteractive.ai,Dara Nandakumar,Customer,LATAM,001LX98DIN16XFCAAO,domain,62000,0.219,351422,133052,934750.36,110,111,103,2,Adjust,Adjust 100% (2 apps),1,0,false,,,,0,true,2026-09-22,8,2026-06-24,Adjust,2026-09-22,1,2026-09-14
110,competitor_renewal,PUB-0093,Cedar Dynamics,cedardynamics.io,Zara Takahashi,Prospect,APAC,0011HBUUM5H9SNIAAO,domain,0,0.2117,421491,141533,455268.04,100,107,120,2,Tenjin,Tenjin 100% (2 apps),1,0,false,,,,0,true,2026-11-30,77,2026-09-01,Tenjin,2026-11-30,1,2026-09-14
111,competitor_renewal,PUB-0097,Rook Works,rookworks.com,,,,,unmatched,,0.2068,400043,145016,428395.63,104,104,121,2,Singular,"Singular 54% (1 app), AppsFlyer 46% (1 app)",2,1,true,2026-04-03,AppsFlyer,Singular,1,true,2026-10-21,37,2026-07-23,AppsFlyer,2027-04-03,1,2026-09-14
112,switched_to_competitor,PUB-0154,Amber Foundry,amberfoundry.net,Anders Costa,Prospect,EMEA,001WT7R4WH9XB1SAAO,domain,0,0.1922,371288,130710,680368.54,108,112,115,2,Branch,"Branch 77% (1 app), Tenjin 23% (1 app)",2,0,true,2026-09-06,Tenjin,Branch,1,false,2027-01-11,119,2026-10-13,Tenjin,2027-09-06,0,2026-09-14
113,competitor_renewal,PUB-0030,Fathom Technologies,fathomtechnologies.ai,Anders Costa,Customer,EMEA,00190225GQOIVI6AAO,domain,647000,0.1898,306075,105001,928335.83,115,116,105,2,AppsFlyer,AppsFlyer 100% (2 apps),1,0,false,,,,0,true,2026-12-03,80,2026-09-04,AppsFlyer,2026-12-03,1,2026-09-14
114,competitor_renewal,PUB-0113,Pallas Solutions,pallassolutions.dev,Dara Nandakumar,Prospect,LATAM,00109NLYWAF4U2MAAO,name,0,0.18,236932,91514,942932.09,119,119,102,1,Branch,Branch 100% (1 app),1,0,false,,,,0,true,2026-09-26,12,2026-06-28,Branch,2026-09-26,1,2026-09-14
115,switched_to_singular,PUB-0234,Loam Company,loamcompany.co,Camila Haddad,Prospect,EMEA,001MFB3ROP60SWQAAO,domain,0,0.18,297496,125633,784267.70,117,114,109,2,AppsFlyer,"AppsFlyer 64% (1 app), Singular 36% (1 app)",2,1,true,2026-06-18,AppsFlyer,Singular,1,false,2027-03-31,198,2026-12-31,AppsFlyer,2027-03-31,0,2026-09-14
116,switched_to_singular,PUB-0177,Fable Studio,fablestudio.com,Anders Costa,Prospect,EMEA,0013K660K1DT815AAO,domain,0,0.1752,243193,100637,917330.76,118,118,106,2,AppsFlyer,"AppsFlyer 87% (1 app), Singular 13% (1 app)",2,1,true,2026-03-18,AppsFlyer,Singular,1,false,2027-01-06,114,2026-10-08,AppsFlyer,2027-01-06,0,2026-09-14
117,switched_to_competitor,PUB-0252,Rivet Studio,rivetstudio.co,Dara Nandakumar,Churned,LATAM,001U2WA21BVZJ7QAAO,domain,0,0.1606,310443,104700,515172.75,114,117,117,2,Adjust,"Adjust 64% (1 app), Kochava 36% (1 app)",2,0,true,2026-04-05,Adjust,Kochava,1,false,2027-04-05,203,2027-01-05,Kochava,2027-07-25,0,2026-09-14
118,competitor_renewal,PUB-0041,Lyre Applications,lyreapplications.com,Camila Haddad,Customer,EMEA,001SA8N10OA7MRIAAO,domain,176000,0.1582,230744,69875,934515.02,120,125,104,1,AppsFlyer,AppsFlyer 100% (1 app),1,0,false,,,,0,true,2026-11-24,71,2026-08-26,AppsFlyer,2026-11-24,1,2026-09-14
119,competitor_renewal,PUB-0206,Kiln Innovations,kilninnovations.com,Viktor Costa,Prospect,EMEA,001X0ZI3UH25MZXAAO,domain,0,0.1509,297620,135757,316707.04,116,109,127,1,AppsFlyer,AppsFlyer 100% (1 app),1,0,false,,,,0,true,2026-09-30,16,2026-07-02,AppsFlyer,2026-09-30,1,2026-09-14
120,competitor_renewal,PUB-0238,Verdant House,verdanthouse.com,,,,,unmatched,,0.1484,318970,125668,316084.05,112,113,128,5,Adjust,"Adjust 97% (4 apps), AppsFlyer 3% (1 app)",2,0,false,,,,0,true,2026-11-05,52,2026-08-07,Adjust,2026-11-05,4,2026-09-14
121,competitor_renewal,PUB-0251,Kappa Foundry,kappafoundry.app,Viktor Costa,Prospect,EMEA,001OKM8UWVU6B5AAAO,domain,0,0.1387,228110,70999,716938.95,121,123,113,1,Adjust,Adjust 100% (1 app),1,0,false,,,,0,true,2026-10-28,44,2026-07-30,Adjust,2026-10-28,1,2026-09-14
122,competitor_renewal,PUB-0205,Bramble Industries,brambleindustries.com,,,,,unmatched,,0.1168,225481,89422,368933.36,122,120,124,2,AppsFlyer,AppsFlyer 100% (2 apps),1,0,false,,,,0,true,2026-11-12,59,2026-08-14,AppsFlyer,2026-11-12,2,2026-09-14
123,competitor_renewal,PUB-0106,Jetty Apps,jettyapps.com,Dara Nandakumar,Churned,LATAM,0012AEJJXA66NVGAAO,domain,0,0.1046,182745,70752,395595.12,125,124,122,1,Tenjin,Tenjin 100% (1 app),1,0,false,,,,0,true,2026-10-31,47,2026-08-02,Tenjin,2026-10-31,1,2026-09-14
124,switched_to_competitor,PUB-0049,Kiln Networks,kilnnetworks.com,,,,,unmatched,,0.1022,165833,58065,494241.19,127,127,118,2,Adjust,"Adjust 50% (1 app), Kochava 50% (1 app)",2,0,true,2026-08-30,Adjust,Kochava,1,false,2027-04-10,208,2027-01-10,Adjust,2027-04-10,0,2026-09-14
125,competitor_renewal,PUB-0135,Lantern Group,lanterngroup.com,,,,,unmatched,,0.0949,201871,76512,231396.73,123,122,130,1,Airbridge,Airbridge 100% (1 app),1,0,false,,,,0,true,2026-11-12,59,2026-08-14,Airbridge,2026-11-12,1,2026-09-14
126,competitor_renewal,PUB-0181,Everest Systems,everestsystems.com,Viktor Costa,Customer,EMEA,001XXPHEGGVFSJ7AAO,domain,35000,0.09,192753,87930,211397.13,124,121,132,2,AppsFlyer,AppsFlyer 100% (2 apps),1,0,false,,,,0,true,2026-09-21,7,2026-06-23,AppsFlyer,2026-09-21,1,2026-09-14
127,competitor_renewal,PUB-0048,Solstice Collective,solsticecollective.co,Dara Nandakumar,Prospect,LATAM,001K079WUDQ5SG3AAO,domain,0,0.0876,173506,61028,317628.10,126,126,126,1,Airbridge,Airbridge 100% (1 app),1,0,false,,,,0,true,2026-11-22,69,2026-08-24,Airbridge,2026-11-22,1,2026-09-14
128,competitor_renewal,PUB-0119,Umbra Mobile,umbramobile.io,,,,,unmatched,,0.0827,139734,48294,472896.35,130,131,119,1,Adjust,Adjust 100% (1 app),1,0,false,,,,0,true,2026-09-26,12,2026-06-28,Adjust,2026-09-26,1,2026-09-14
129,competitor_renewal,PUB-0038,Nettle Media,nettlemedia.io,,,,,unmatched,,0.0779,145601,54615,333343.81,129,128,125,1,AppsFlyer,AppsFlyer 100% (1 app),1,0,false,,,,0,true,2026-10-01,17,2026-07-03,AppsFlyer,2026-10-01,1,2026-09-14
130,competitor_renewal,PUB-0248,Dune Apps,duneapps.co,Zara Okonkwo,Prospect,US,0017BWU9MUUT9QOAAO,domain,0,0.073,103406,48861,390844.82,132,129,123,1,AppsFlyer,AppsFlyer 100% (1 app),1,0,false,,,,0,true,2026-09-22,8,2026-06-24,AppsFlyer,2026-09-22,1,2026-09-14
131,switched_to_competitor,PUB-0004,Orchid Labs,orchidlabs.co,Viktor Costa,Churned,EMEA,001BOGCQ6MDVYGHAAO,domain,0,0.056,156815,48304,210846.32,128,130,133,2,Branch,"Branch 80% (1 app), Kochava 20% (1 app)",2,0,true,2026-08-25,Kochava,Branch,1,false,2027-05-19,247,2027-02-18,Kochava,2027-08-25,0,2026-09-14
132,switched_to_competitor,PUB-0075,Drift Dynamics,driftdynamics.io,Zara Okonkwo,Prospect,US,001OKY0VYWFPQMDAAO,domain,0,0.0414,117133,45325,201927.78,131,132,134,3,AppsFlyer,"AppsFlyer 73% (2 apps), Adjust 27% (1 app)",2,0,true,2026-05-10,AppsFlyer,Adjust,1,false,2027-05-10,238,2027-02-09,Adjust,2027-05-15,0,2026-09-14
133,competitor_renewal,PUB-0143,Lyre Ventures,lyreventures.io,Dara Nandakumar,Churned,LATAM,001DIE4CRSXB0UDAAO,domain,0,0.0365,91104,34425,221179.16,135,133,131,1,AppsFlyer,AppsFlyer 100% (1 app),1,0,false,,,,0,true,2026-11-04,51,2026-08-06,AppsFlyer,2026-11-04,1,2026-09-14
134,competitor_renewal,PUB-0246,Yarrow Company,yarrowcompany.com,Dara Nandakumar,Partner,LATAM,001JSHECDSDX2B8AAO,domain,0,0.0316,84818,28996,260074.62,136,136,129,1,Kochava,Kochava 100% (1 app),1,0,false,,,,0,true,2026-12-07,84,2026-09-08,Kochava,2026-12-07,1,2026-09-14
135,competitor_renewal,PUB-0263,Rivet Applications,rivetapplications.com,Priya Okonkwo,Customer,APAC,001JEO0JTFNE4LCAAO,domain,556000,0.0292,98624,31513,178476.70,133,134,135,2,AppsFlyer,AppsFlyer 100% (2 apps),1,0,false,,,,0,true,2026-11-25,72,2026-08-27,AppsFlyer,2026-11-25,2,2026-09-14
136,competitor_renewal,PUB-0015,Northwind Systems,northwindsystems.app,Dara Nandakumar,Churned,LATAM,001ZI5XC7B3Z3NKAAO,domain,0,0.0219,93239,29566,114035.65,134,135,136,2,Kochava,Kochava 100% (2 apps),1,0,false,,,,0,true,2026-10-12,28,2026-07-14,Kochava,2026-10-12,2,2026-09-14
137,competitor_renewal,PUB-0212,Jasper Innovations,jasperinnovations.io,Dara Nandakumar,Prospect,LATAM,001BHM89KS2DL9KAAO,domain,0,0.0049,41673,17398,56832.61,137,137,138,1,Adjust,Adjust 100% (1 app),1,0,false,,,,0,true,2026-10-13,29,2026-07-15,Adjust,2026-10-13,1,2026-09-14
138,competitor_renewal,PUB-0237,Wharf Play,wharfplay.com,Anders Costa,Prospect,EMEA,0011IRPOBHXHIO0AAO,domain,0,0.0024,28073,11819,79581.88,138,138,137,1,AppsFlyer,AppsFlyer 100% (1 app),1,0,false,,,,0,true,2026-09-22,8,2026-06-24,AppsFlyer,2026-09-22,1,2026-09-14
