app_id,downloads,users,revenue,system
APP-1001,40967,13901,46917.39,iOS
APP-1001,67198,22801,76957.74,Android
APP-1002,109270,44245,484292.49,iOS
APP-1002,112086,45385,496772.14,Android
APP-1003,173866,73586,559902.91,iOS
APP-1003,179943,76158,579475.8,Android
APP-1004,67721,31613,267005.27,iOS
APP-1004,105466,49232,415820.24,Android
APP-1005,84833,28406,334381.71,iOS
APP-1005,156416,52377,616536.75,Android
APP-1006,76821,22300,304669.69,iOS
APP-1006,132939,38590,527227.48,Android
APP-1007,104253,48635,349787.27,iOS
APP-1007,162713,75907,545932.4,Android
APP-1008,98737,35944,291694.59,iOS
APP-1008,113100,41172,334124.71,Android
APP-1009,55457,20825,95691.81,iOS
APP-1009,92385,34691,159410.17,Android
APP-1010,115180,50116,295782.05,iOS
APP-1010,135224,58837,347252.52,Android
APP-1011,50933,14854,73732.89,iOS
APP-1011,74605,21758,107999.61,Android
APP-1012,11782,4404,10967.52,iOS
APP-1012,19495,7288,18146.3,Android
APP-1013,646820,219151,1665311.39,iOS
APP-1013,1033369,350119,2660526.42,Android
APP-1014,53693,22569,130136.75,iOS
APP-1014,92186,38749,223429.03,Android
APP-1015,30983,11045,42524.28,iOS
APP-1015,31909,11374,43793.83,Android
APP-1016,110587,31278,186957.73,iOS
APP-1016,183208,51818,309730.27,Android
APP-1017,90126,33086,242399.11,iOS
APP-1017,113142,41536,304299.14,Android
APP-1018,54083,16516,226703.36,iOS
APP-1018,89777,27417,376325.59,Android
APP-1019,126003,45436,175492.07,iOS
APP-1019,173231,62466,241269.71,Android
APP-1020,10272,4284,24300.21,iOS
APP-1020,11241,4688,26593.43,Android
APP-1021,12727,5994,36096.02,iOS
APP-1021,19377,9126,54954.57,Android
APP-1022,30050,10722,109077.38,iOS
APP-1022,38152,13614,138488.5,Android
APP-1023,701685,259143,1011612.12,iOS
APP-1023,743189,274472,1071448.03,Android
APP-1024,923985,306818,1078981.7,iOS
APP-1025,281059,131362,296331.41,iOS
APP-1025,301383,140861,317759.8,Android
APP-1026,78089,32391,295352.98,iOS
APP-1026,94663,39266,358035.73,Android
APP-1027,172418,70687,261473.25,iOS
APP-1028,2715168,893239,9710981.79,iOS
APP-1028,4742995,1560357,16963637.91,Android
APP-1029,76420,24105,135721.75,iOS
APP-1029,139494,44002,247742.41,Android
APP-1030,1086002,389033,3780101.5,iOS
APP-1030,1191000,426646,4145573.92,Android
APP-1031,816281,229240,2468105.63,iOS
APP-1031,1279386,359297,3868346.28,Android
APP-1032,48431,13586,207661.41,iOS
APP-1032,85814,24073,367951.34,Android
APP-1033,28372,12025,92812.88,iOS
APP-1033,44740,18961,146353.52,Android
APP-1034,7873,3425,20202.18,iOS
APP-1034,12490,5434,32046.96,Android
APP-1035,82740,36785,135685.26,iOS
APP-1035,113160,50309,185569.4,Android
APP-1036,17029,5397,28584.1,iOS
APP-1036,28255,8954,47427.99,Android
APP-1037,19037,6040,15094.34,iOS
APP-1037,28918,9175,22929.22,Android
APP-1038,5249177,2295250,21820326.69,iOS
APP-1038,6719248,2938052,27931273.01,Android
APP-1039,643383,279105,1988938.33,iOS
APP-1039,892985,387385,2760554.36,Android
APP-1040,1314206,563447,1727815.49,iOS
APP-1040,1489464,638587,1958230.37,Android
APP-1041,103314,40337,175849.11,iOS
APP-1041,143571,56054,244369.42,Android
APP-1042,3301646,1404600,9051999.04,iOS
APP-1042,3960068,1684709,10857168.11,Android
APP-1043,562725,198655,667531.7,iOS
APP-1043,694266,245092,823571.87,Android
APP-1044,660691,288193,1496494.81,iOS
APP-1044,881789,384636,1997293.89,Android
APP-1045,857629,374952,2770858.39,iOS
APP-1045,1473273,644110,4759902.74,Android
APP-1046,852230,266231,794280.31,iOS
APP-1046,1048349,327497,977063.19,Android
APP-1047,1167988,554689,2251689.58,iOS
APP-1047,1662261,789423,3204564.61,Android
APP-1048,82597,32660,309585.08,iOS
APP-1049,805634,352788,2287889.63,iOS
APP-1049,1088899,476830,3092322.53,Android
APP-1050,4832035,2207713,15721948.02,iOS
APP-1050,5794634,2647516,18853950.43,Android
APP-1051,148238,57065,474636.87,iOS
APP-1051,148724,57252,476191.62,Android
APP-1052,1968616,609356,3970902.15,Android
APP-1053,64931,19203,216796.24,iOS
APP-1053,103244,30533,344717.69,Android
APP-1054,1037407,414076,3709100.04,iOS
APP-1054,1308911,522445,4679823.51,Android
APP-1055,1575846,484425,3711975.04,iOS
APP-1055,2008491,617422,4731090.19,Android
APP-1056,132429,60137,415462.86,iOS
APP-1056,137190,62300,430399.4,Android
APP-1057,732874,300576,1548322.0,iOS
APP-1057,1072574,439899,2265996.77,Android
APP-1058,38577,17494,139761.92,iOS
APP-1058,61749,28002,223707.9,Android
APP-1059,4306251,1212405,3758653.27,iOS
APP-1059,6069295,1708783,5297502.94,Android
APP-1060,30558,11108,29942.41,iOS
APP-1060,38867,14129,38083.11,Android
APP-1061,136014,53308,189266.78,iOS
APP-1062,279145,129074,547393.3,iOS
APP-1062,341286,157808,669250.85,Android
APP-1063,3545090,1123943,9583361.56,iOS
APP-1063,5779588,1832373,15623832.12,Android
APP-1064,109431,33945,340737.57,iOS
APP-1064,141848,44000,441674.26,Android
APP-1065,61451,21198,105049.09,iOS
APP-1065,96208,33188,164465.19,Android
APP-1066,605970,282110,1055233.86,iOS
APP-1066,907694,422578,1580653.94,Android
APP-1067,3127326,967886,3749733.06,iOS
APP-1067,4502910,1393619,5399087.58,Android
APP-1068,19725,8375,24537.03,iOS
APP-1068,28764,12214,35780.63,Android
APP-1069,37430,15529,109294.28,iOS
APP-1069,40525,16814,118334.43,Android
APP-1070,1251488,522750,3121236.29,iOS
APP-1070,1301514,543646,3246003.19,Android
APP-1071,94777,42004,330965.67,iOS
APP-1071,164615,72955,574838.07,Android
APP-1072,49874,18559,84923.29,iOS
APP-1072,86514,32193,147311.63,Android
APP-1073,65026,28252,186438.72,iOS
APP-1073,105195,45704,301608.08,Android
APP-1074,76017,25326,171035.92,iOS
APP-1074,107584,35844,242061.49,Android
APP-1075,53449,19128,224858.05,iOS
APP-1075,69025,24703,290380.37,Android
APP-1076,47476,17428,35184.52,iOS
APP-1076,51305,18835,38022.87,Android
APP-1077,77622,26280,199920.98,iOS
APP-1077,137592,46584,354379.06,Android
APP-1078,7625633,2711015,22954003.66,Android
APP-1079,1232907,476943,4975521.43,iOS
APP-1079,1658323,641513,6692332.09,Android
APP-1080,1061806,380875,4155780.22,iOS
APP-1080,1184158,424764,4634654.18,Android
APP-1081,58872,27106,64150.63,iOS
APP-1082,439914,166777,1274300.94,iOS
APP-1082,626176,237392,1813845.21,Android
APP-1083,107038,34680,77664.27,iOS
APP-1083,168281,54524,122100.65,Android
APP-1084,22672,9905,27793.79,iOS
APP-1084,31115,13594,38144.62,Android
APP-1085,1349581,446789,1762615.54,iOS
APP-1085,1422845,471043,1858301.04,Android
APP-1086,4045814,1179032,9632746.72,iOS
APP-1086,7073857,2061466,16842261.21,Android
APP-1087,63029,22804,227476.5,iOS
APP-1087,89318,32314,322350.46,Android
APP-1088,83829,35440,67095.0,iOS
APP-1088,147041,62165,117688.52,Android
APP-1089,514306,161920,554937.3,iOS
APP-1089,607785,191350,655800.11,Android
APP-1090,149921,68643,295767.24,Android
APP-1091,51226,19215,117278.68,iOS
APP-1091,94375,35400,216065.13,Android
APP-1092,46158,13549,120598.81,iOS
APP-1093,491467,160518,2054162.82,iOS
APP-1093,852464,278423,3563005.42,Android
APP-1094,98406,46851,130484.73,iOS
APP-1094,168120,80041,222924.49,Android
APP-1095,557794,253310,509774.26,iOS
APP-1095,742837,337343,678888.01,Android
APP-1096,61707,26749,45395.8,iOS
APP-1096,74262,32192,54632.12,Android
APP-1097,46436,15605,118719.5,iOS
APP-1097,78579,26407,200896.78,Android
APP-1098,35488,12406,26268.0,iOS
APP-1098,53726,18781,39767.46,Android
APP-1099,1228200,537579,4760582.9,iOS
APP-1099,1350334,591036,5233979.95,Android
APP-1100,84623,25626,342724.1,iOS
APP-1100,146121,44249,591790.92,Android
APP-1101,408391,133820,393737.47,iOS
APP-1101,722669,236801,696738.56,Android
APP-1102,2772423,1274886,12060082.99,iOS
APP-1102,3416251,1570948,14860747.37,Android
APP-1103,419138,143656,1809403.01,iOS
APP-1103,443472,151997,1914448.14,Android
APP-1104,1333411,545716,4489998.08,iOS
APP-1104,1354399,554305,4560669.89,Android
APP-1105,105531,44611,423170.37,iOS
APP-1105,131477,55580,527211.3,Android
APP-1106,2843114,969717,3605161.87,iOS
APP-1106,3264891,1113575,4139990.19,Android
APP-1107,51110,14791,74565.7,iOS
APP-1107,71286,20630,104000.41,Android
APP-1108,1056517,429419,4028000.02,iOS
APP-1108,1355408,550902,5167533.47,Android
APP-1109,516566,183857,346679.19,iOS
APP-1109,647498,230459,434550.2,Android
APP-1110,67424,30335,51215.01,iOS
APP-1110,68104,30640,51731.5,Android
APP-1111,76310,31445,154107.45,iOS
APP-1111,104435,43034,210903.67,Android
APP-1112,21230,6644,69933.95,iOS
APP-1112,34739,10872,114436.14,Android
APP-1113,4420099,1638583,2743543.52,iOS
APP-1113,4779418,1771787,2966572.43,Android
APP-1114,117628,37060,528681.04,iOS
APP-1114,135661,42742,609729.46,Android
APP-1115,71984,25319,131776.91,iOS
APP-1115,101522,35709,185851.19,Android
APP-1116,36813,12885,164458.76,iOS
APP-1116,46589,16307,208131.71,Android
APP-1117,31112,10897,45914.26,iOS
APP-1117,51319,17976,75736.46,Android
APP-1118,5491101,2474605,8052015.85,iOS
APP-1118,6493474,2926333,9521871.54,Android
APP-1119,110099,45795,360325.42,iOS
APP-1119,177582,73863,581177.48,Android
APP-1120,289566,82993,1005282.85,iOS
APP-1121,6419,2686,11228.87,iOS
APP-1122,632507,202468,2292262.88,iOS
APP-1122,710822,227536,2576083.83,Android
APP-1123,283128,94671,1058983.93,iOS
APP-1124,820854,339329,2557354.22,iOS
APP-1124,1249117,516366,3891596.89,Android
APP-1125,58436,18958,107488.48,iOS
APP-1125,102149,33139,187892.89,Android
APP-1126,53794,15122,36348.44,iOS
APP-1126,85317,23984,57648.7,Android
APP-1127,125880,37267,189941.84,iOS
APP-1127,211177,62519,318648.58,Android
APP-1128,13066,4499,16019.78,iOS
APP-1128,18309,6305,22447.71,Android
APP-1129,80371,24460,223149.22,iOS
APP-1129,124002,37739,344286.08,Android
APP-1130,1158063,554298,4814211.53,Android
APP-1131,2660567,870002,3759382.09,iOS
APP-1131,3269918,1069260,4620394.58,Android
APP-1132,105496,46234,136418.67,iOS
APP-1132,176693,77437,228485.61,Android
APP-1133,1637500,504375,6512253.36,iOS
APP-1133,2440227,751628,9704655.21,Android
APP-1134,141420,62287,537684.46,iOS
APP-1134,152753,67279,580771.06,Android
APP-1135,102082,41559,342727.44,iOS
APP-1135,184114,74957,618139.46,Android
APP-1136,92564,41831,285778.85,iOS
APP-1136,149438,67532,461368.11,Android
APP-1137,95827,36681,149418.69,Android
APP-1138,45255,19495,86202.93,iOS
APP-1138,48351,20829,92100.69,Android
APP-1139,12353,5639,26689.22,iOS
APP-1139,17078,7796,36897.77,Android
APP-1140,99735,46071,158423.7,iOS
APP-1140,145016,66987,230350.47,Android
APP-1141,104224,37447,91500.56,iOS
APP-1141,158884,57087,139487.52,Android
APP-1142,1266577,516333,4569047.3,iOS
APP-1142,1630254,664590,5880974.31,Android
APP-1143,406609,146770,623740.72,iOS
APP-1143,523022,188790,802317.77,Android
APP-1144,166083,76098,646187.1,iOS
APP-1144,204222,93573,794572.77,Android
APP-1145,5652246,1719631,8487095.05,iOS
APP-1145,6022247,1832200,9042668.85,Android
APP-1146,101883,42291,440658.92,iOS
APP-1146,148699,61724,643145.48,Android
APP-1147,99874,34893,119265.71,iOS
APP-1147,117558,41072,140382.99,Android
APP-1148,78802,36146,153411.31,iOS
APP-1148,95421,43769,185764.28,Android
APP-1149,11302,3288,13658.84,iOS
APP-1149,17256,5020,20854.23,Android
APP-1150,103923,36221,370001.97,iOS
APP-1150,173011,60300,615976.02,Android
APP-1151,6420,2068,18204.99,iOS
APP-1151,9048,2915,25657.19,Android
APP-1152,18311,8076,16077.53,iOS
APP-1152,21118,9313,18541.67,Android
APP-1153,30352,9996,70045.08,iOS
APP-1153,47142,15526,108789.63,Android
APP-1154,45412,20743,172407.52,iOS
APP-1154,49611,22662,188350.57,Android
APP-1155,130270,45839,336193.63,iOS
APP-1156,46254,20278,135481.44,iOS
APP-1156,56952,24967,166815.29,Android
APP-1157,661381,187931,1426656.61,iOS
APP-1157,742073,210859,1600714.58,Android
APP-1158,45334,17668,104614.76,iOS
APP-1158,60471,23568,139546.72,Android
APP-1159,57707,22975,77896.24,iOS
APP-1159,82539,32862,111415.73,Android
APP-1160,60050,22116,217212.76,iOS
APP-1160,68088,25076,246287.41,Android
APP-1161,16209,7071,61357.91,iOS
APP-1161,17681,7713,66933.09,Android
APP-1162,7239,2207,4421.31,iOS
APP-1162,7453,2272,4551.53,Android
APP-1163,94769,27126,400432.55,iOS
APP-1163,117309,33579,495675.24,Android
APP-1164,90123,27830,314909.77,iOS
APP-1164,158795,49036,554867.68,Android
APP-1165,2426906,1069273,3481802.11,iOS
APP-1165,3866909,1703727,5547727.29,Android
APP-1166,2713829,1249676,5921595.46,iOS
APP-1166,4865870,2240658,10617365.16,Android
APP-1167,397605,130277,1457355.91,iOS
APP-1167,662284,217001,2427493.66,Android
APP-1168,125137,42379,482605.89,iOS
APP-1168,167090,56587,644406.51,Android
APP-1169,175667,84302,306539.04,iOS
APP-1169,259039,124312,452023.52,Android
APP-1170,1975939,887975,8629004.8,iOS
APP-1171,38119,14377,121101.11,iOS
APP-1171,62614,23617,198922.74,Android
APP-1172,47229,13900,173201.18,iOS
APP-1172,73373,21596,269077.98,Android
APP-1173,66053,20675,182531.77,iOS
APP-1173,108760,34043,300545.24,Android
APP-1174,93094,38306,176025.62,iOS
APP-1174,139512,57406,263793.81,Android
APP-1175,286185,91914,1155988.9,iOS
APP-1175,434929,139686,1756814.41,Android
APP-1176,2279329,950529,8311044.02,iOS
APP-1176,3038808,1267247,11080306.07,Android
APP-1177,3056826,1253159,10348340.13,iOS
APP-1177,3592348,1472698,12161256.93,Android
APP-1178,64152,25708,89846.8,iOS
APP-1178,67283,26963,94231.11,Android
APP-1179,17410,6103,37537.22,iOS
APP-1179,18120,6352,39067.56,Android
APP-1180,15219,6971,21542.45,iOS
APP-1180,16145,7396,22854.1,Android
APP-1181,20193,7437,32527.24,iOS
APP-1181,30046,11066,48399.21,Android
APP-1182,592754,267985,2398511.94,iOS
APP-1182,874507,395366,3538594.48,Android
APP-1183,262105,102790,1128333.74,Android
APP-1184,263659,114234,222399.58,iOS
APP-1184,393159,170341,331634.54,Android
APP-1185,104729,45723,443364.24,iOS
APP-1185,167099,72953,707399.39,Android
APP-1186,1225802,532125,3697292.84,iOS
APP-1186,1592011,691097,4801860.69,Android
APP-1187,450699,169307,896959.79,iOS
APP-1187,613318,230396,1220594.56,Android
APP-1188,466756,131266,589251.11,iOS
APP-1188,621756,174857,784929.17,Android
APP-1189,120171,43923,490469.19,iOS
APP-1189,132840,48553,542177.82,Android
APP-1190,389869,165452,1558743.96,iOS
APP-1190,519985,220670,2078964.45,Android
APP-1191,631166,228544,1001282.9,iOS
APP-1191,668265,241978,1060137.77,Android
APP-1192,60967,26013,229547.64,iOS
APP-1192,84708,36144,318936.74,Android
APP-1193,75568,23599,147774.49,iOS
APP-1193,89129,27834,174291.37,Android
APP-1194,303025,90918,1003131.79,iOS
APP-1194,309708,92924,1025254.64,Android
APP-1195,99455,41816,64179.79,iOS
APP-1195,160773,67597,103749.68,Android
APP-1196,47939,22626,165394.46,iOS
APP-1196,68201,32190,235302.95,Android
APP-1197,95496,28567,371602.06,iOS
APP-1197,173867,52012,676561.9,Android
APP-1198,3203,1307,2860.29,iOS
APP-1198,5939,2424,5303.63,Android
APP-1199,67595,31116,88438.93,iOS
APP-1199,104810,48247,137130.99,Android
APP-1200,26172,8309,69856.0,iOS
APP-1200,27421,8705,73191.95,Android
APP-1201,1451224,425830,5267724.55,iOS
APP-1202,82389,29968,145685.01,iOS
APP-1202,98834,35949,174763.46,Android
APP-1203,123900,53690,270307.99,Android
APP-1204,2763370,1164548,2450588.15,iOS
APP-1204,4515533,1902949,4004425.91,Android
APP-1205,90914,39373,144009.26,iOS
APP-1205,125645,54415,199024.05,Android
APP-1206,106353,48937,97568.02,iOS
APP-1206,192066,88377,176201.02,Android
APP-1207,68938,27230,146677.22,iOS
APP-1207,86510,34171,184066.06,Android
APP-1208,28186,10048,65657.42,iOS
APP-1208,41538,14808,96759.36,Android
APP-1209,121904,52069,202756.36,iOS
APP-1209,154290,65903,256622.09,Android
APP-1210,1040134,467746,1989742.99,iOS
APP-1210,1192475,536254,2281165.5,Android
APP-1211,67623,20791,92847.52,iOS
APP-1211,89363,27475,122696.44,Android
APP-1212,134077,60542,411988.18,iOS
APP-1212,134380,60679,412917.44,Android
APP-1213,1011218,425374,806806.03,iOS
APP-1213,1307020,549806,1042814.12,Android
APP-1214,76829,29698,303570.5,iOS
APP-1214,124478,48117,491845.46,Android
APP-1215,79198,31323,223858.46,iOS
APP-1215,92046,36404,260171.48,Android
APP-1216,43770,16003,105280.0,iOS
APP-1216,52066,19036,125232.42,Android
APP-1217,39551,13656,60263.14,iOS
APP-1217,64398,22235,98120.31,Android
APP-1218,137657,53273,280419.87,iOS
APP-1218,144899,56076,295172.73,Android
APP-1219,2285865,721024,5731879.29,Android
APP-1220,33981,12860,28446.09,iOS
APP-1220,52455,19851,43911.4,Android
APP-1221,790312,281359,2420124.83,iOS
APP-1221,1273019,453209,3898291.92,Android
APP-1222,113291,38231,371775.5,iOS
APP-1222,175151,59106,574771.17,Android
APP-1223,798553,246070,492390.21,iOS
APP-1223,1147779,353682,707723.51,Android
APP-1224,34907,12569,141632.62,iOS
APP-1224,54131,19491,219632.41,Android
APP-1225,108188,37987,127555.92,iOS
APP-1225,156524,54959,184544.58,Android
APP-1226,76072,23575,69467.12,iOS
APP-1226,80707,25012,73700.42,Android
APP-1227,111893,39749,193634.83,iOS
APP-1227,140881,50047,243799.34,Android
APP-1228,624649,183767,543517.79,iOS
APP-1228,674644,198475,587018.47,Android
APP-1229,90462,27852,150609.77,iOS
APP-1229,149424,46005,248776.26,Android
APP-1230,1222036,575099,925626.32,iOS
APP-1230,1495773,703922,1132966.52,Android
APP-1231,842455,365537,1149606.09,Android
APP-1232,78793,24631,52492.15,iOS
APP-1232,103617,32391,69029.47,Android
APP-1233,92538,37415,130483.65,iOS
APP-1233,125095,50579,176390.36,Android
APP-1234,4777984,1817204,18744480.78,iOS
APP-1234,5486655,2086732,21524666.19,Android
APP-1235,962280,390581,3853264.06,iOS
APP-1235,1138429,462079,4558615.09,Android
APP-1236,1234247,396775,2653817.45,iOS
APP-1236,1483160,476794,3189017.93,Android
APP-1237,52360,19329,54960.48,iOS
APP-1237,65906,24330,69178.09,Android
APP-1238,1349283,589003,4345715.42,iOS
APP-1238,1481654,646788,4772053.02,Android
APP-1239,2116309,661733,1813298.02,iOS
APP-1240,108529,45130,395366.09,iOS
APP-1240,121515,50531,442673.56,Android
APP-1241,2009111,782659,3793241.03,iOS
APP-1241,2478100,965355,4678699.65,Android
APP-1242,1130228,417194,4046536.34,iOS
APP-1242,1484907,548114,5316388.12,Android
APP-1243,533601,248627,1739530.19,iOS
APP-1243,872677,406617,2844909.32,Android
APP-1244,128888,42969,470789.09,iOS
APP-1244,143050,47690,522515.96,Android
APP-1245,51959,16432,105358.31,iOS
APP-1245,71095,22484,144159.86,Android
APP-1246,505603,197336,503559.22,iOS
APP-1246,620579,242211,618069.89,Android
APP-1247,60680,19193,207930.77,iOS
APP-1247,97907,30968,335495.89,Android
APP-1248,96250,37746,166980.29,iOS
APP-1248,101561,39829,176194.98,Android
APP-1249,30202,9325,37161.37,iOS
APP-1249,31829,9828,39163.79,Android
APP-1250,182745,70752,395595.12,Android
APP-1251,106830,32559,220530.81,iOS
APP-1251,170935,52096,352864.54,Android
APP-1252,103228,46072,85989.18,iOS
APP-1252,181884,81177,151508.45,Android
APP-1253,24947,11653,101202.84,iOS
APP-1253,42744,19965,173394.54,Android
APP-1254,739916,336609,967286.72,iOS
APP-1254,786281,357702,1027898.4,Android
APP-1255,256383,75306,982074.08,Android
APP-1256,20121,5707,61127.71,iOS
APP-1256,30114,8541,91483.9,Android
APP-1257,793281,304268,1118782.53,iOS
APP-1257,859456,329650,1212110.88,Android
APP-1258,9974,3817,21971.5,iOS
APP-1258,10324,3951,22744.58,Android
APP-1259,102372,48765,351482.1,iOS
APP-1259,186660,88917,640875.08,Android
APP-1260,22566,8098,80478.02,iOS
APP-1260,32464,11650,115780.88,Android
APP-1261,95666,32914,285384.65,iOS
APP-1261,98210,33790,292973.06,Android
APP-1262,251529,92155,1049595.81,iOS
APP-1262,388101,142193,1619490.41,Android
APP-1263,1106027,500732,675972.98,iOS
APP-1263,1579311,715003,965231.09,Android
APP-1264,62629,29309,106413.59,iOS
APP-1264,114429,53550,194428.09,Android
APP-1265,30201,12797,22151.34,iOS
APP-1265,55644,23578,40813.06,Android
APP-1266,107475,39039,451246.88,iOS
APP-1266,179301,65129,752812.59,Android
APP-1267,113812,46102,294089.45,iOS
APP-1267,122043,49436,315358.74,Android
APP-1268,745667,311135,1701781.0,iOS
APP-1268,1117995,466492,2551515.1,Android
APP-1269,3010249,941385,12599415.63,iOS
APP-1269,4905401,1534049,20531589.14,Android
APP-1270,84283,32554,335427.08,iOS
APP-1270,152649,58960,607505.01,Android
APP-1271,262954,90424,918070.03,Android
APP-1272,18814,6424,47219.8,iOS
APP-1272,30908,10554,77575.63,Android
APP-1273,973740,409093,1003990.54,iOS
APP-1273,1703450,715663,1756368.18,Android
APP-1274,254490,114801,735302.57,iOS
APP-1274,461450,208161,1333271.73,Android
APP-1275,61457,18390,233214.63,iOS
APP-1275,64545,19315,244934.28,Android
APP-1276,897269,367271,1053371.2,iOS
APP-1276,1528032,625455,1793872.19,Android
APP-1277,24448,10591,79017.4,iOS
APP-1277,44588,19316,144110.37,Android
APP-1278,8558,4022,36591.24,iOS
APP-1278,12031,5655,51444.48,Android
APP-1279,478835,144660,348053.86,iOS
APP-1279,678412,204954,493121.37,Android
APP-1280,17140,5158,56167.38,iOS
APP-1280,24343,7326,79774.52,Android
APP-1281,873692,404733,1121219.03,iOS
APP-1281,1613324,747363,2070397.13,Android
APP-1282,52444,17343,122408.98,iOS
APP-1282,86598,28637,202127.12,Android
APP-1283,35749,13235,126242.76,iOS
APP-1283,38461,14240,135820.25,Android
APP-1284,2400458,1141881,1611757.65,iOS
APP-1284,3094265,1471919,2077605.16,Android
APP-1285,7751568,3411364,33825915.74,iOS
APP-1286,116661,55175,355986.88,iOS
APP-1286,162434,76823,495663.58,Android
APP-1287,4825349,1813173,7326878.05,iOS
APP-1287,6811592,2559525,10342818.66,Android
APP-1288,53287,18417,180336.88,iOS
APP-1288,86447,29877,292559.47,Android
APP-1289,112178,36032,210427.13,iOS
APP-1289,115596,37129,216838.17,Android
APP-1290,72127,20249,199937.26,iOS
APP-1290,89154,25029,247139.14,Android
APP-1291,72423,27136,72069.81,iOS
APP-1291,108712,40733,108180.63,Android
APP-1292,5288,2371,5382.21,iOS
APP-1292,8642,3875,8795.35,Android
APP-1293,52002,20049,115055.93,iOS
APP-1293,81447,31402,180203.09,Android
APP-1294,1089394,356246,662195.29,iOS
APP-1294,1885858,616700,1146330.77,Android
APP-1295,50010,22306,203424.66,iOS
APP-1295,57484,25639,233828.83,Android
APP-1296,1178028,449970,2420621.46,iOS
APP-1296,1591515,607910,3270256.35,Android
APP-1297,6151,2125,25044.86,iOS
APP-1297,11412,3942,46467.36,Android
APP-1298,1263027,377542,1781215.5,iOS
APP-1298,1670049,499208,2355226.77,Android
APP-1299,33216,11710,61541.8,iOS
APP-1299,49421,17423,91566.18,Android
APP-1300,249899,70421,614083.51,iOS
APP-1300,293277,82645,720676.12,Android
APP-1301,181393,60081,118280.91,iOS
APP-1301,230066,76203,150018.42,Android
APP-1302,79138,25779,262728.77,iOS
APP-1302,125606,40915,416991.76,Android
APP-1303,996304,373912,2939059.64,iOS
APP-1303,1607680,603360,4742596.54,Android
APP-1304,33655,13828,125897.72,iOS
APP-1304,46820,19238,175142.85,Android
APP-1305,302631,113765,451610.39,iOS
APP-1305,450615,169396,672442.29,Android
APP-1306,236219,78581,644091.3,iOS
APP-1307,51806,24495,130707.53,iOS
APP-1307,63397,29976,159951.53,Android
APP-1308,812630,337447,491326.76,iOS
APP-1308,1173964,487492,709794.27,Android
APP-1309,41996,15637,50576.21,iOS
APP-1309,68963,25679,83052.13,Android
APP-1310,5087256,1518442,20667694.72,iOS
APP-1310,5681938,1695942,23083675.77,Android
APP-1311,267811,119882,313203.72,iOS
APP-1312,63276,20500,197959.46,iOS
APP-1312,113123,36651,353906.62,Android
APP-1313,1146104,330195,1752568.9,iOS
APP-1313,1475550,425109,2256341.01,Android
APP-1314,83463,39366,273011.48,iOS
APP-1314,122259,57664,399914.45,Android
APP-1315,86441,26036,121622.85,iOS
APP-1315,151584,45657,213280.29,Android
APP-1316,7440,2893,28077.38,iOS
APP-1316,10001,3888,37741.6,Android
APP-1317,56421,16426,47768.87,iOS
APP-1317,66624,19396,56406.52,Android
APP-1318,3885799,1793607,11267306.53,iOS
APP-1318,6145397,2836594,17819263.88,Android
APP-1319,789588,244844,918177.64,iOS
APP-1319,1243597,385628,1446124.01,Android
APP-1320,1244116,591869,4938339.0,iOS
APP-1320,2147708,1021740,8525015.19,Android
APP-1321,1133907,421805,1529820.32,iOS
APP-1321,1298976,483209,1752524.84,Android
APP-1322,972370,330410,985304.07,iOS
APP-1322,1783993,606199,1807722.03,Android
APP-1323,1096684,418773,1729339.12,iOS
APP-1323,1180185,450657,1861008.98,Android
APP-1324,58361,18820,194136.18,iOS
APP-1324,106180,34240,353205.1,Android
APP-1325,1933651,779970,6865875.04,Android
APP-1326,16658,5283,73053.04,iOS
APP-1326,17435,5529,76457.09,Android
APP-1327,227525,84293,785399.34,iOS
APP-1327,358426,132790,1237257.58,Android
APP-1328,98943,35921,335070.68,iOS
APP-1328,160238,58175,542643.19,Android
APP-1329,2677399,1180562,8274609.73,iOS
APP-1330,9817262,3149383,26342514.58,Android
APP-1331,2977522,974422,2874830.46,iOS
APP-1332,126029,47714,533538.7,iOS
APP-1332,160489,60761,679421.13,Android
APP-1333,78784,29860,90307.57,iOS
APP-1333,123087,46652,141089.16,Android
APP-1334,69581,32293,264962.19,iOS
APP-1334,120377,55867,458387.83,Android
APP-1335,520173,234570,1223899.12,Android
APP-1336,73969,28281,145909.32,iOS
APP-1336,86217,32965,170069.89,Android
APP-1337,41246,15415,182779.85,iOS
APP-1337,75313,28146,333738.23,Android
APP-1338,1153874,544839,5148467.54,iOS
APP-1338,1825031,861746,8143094.49,Android
APP-1339,1404183,423763,1352032.73,iOS
APP-1340,476031,170565,888284.43,iOS
APP-1340,622181,222931,1161004.07,Android
APP-1341,111944,47871,287423.66,iOS
APP-1341,179644,76822,461248.31,Android
APP-1342,70561,20416,245285.29,iOS
APP-1342,83873,24268,291560.79,Android
APP-1343,128932,38484,343392.41,iOS
APP-1343,146794,43815,390963.25,Android
APP-1344,930489,337587,4062050.07,iOS
APP-1344,1529448,554894,6676801.46,Android
APP-1345,510069,159710,832111.51,iOS
APP-1345,530489,166103,865423.02,Android
APP-1346,87446,39189,145744.07,iOS
APP-1346,137347,61552,228912.31,Android
APP-1347,287400,112717,764413.6,Android
APP-1348,306005,94662,481591.26,iOS
APP-1348,375567,116180,591067.91,Android
APP-1349,642928,238680,1031957.4,iOS
APP-1349,644965,239436,1035225.71,Android
APP-1350,443853,127114,1260399.77,iOS
APP-1350,467867,133992,1328594.34,Android
APP-1351,769995,331981,1759580.7,iOS
APP-1351,1117820,481946,2554425.82,Android
APP-1352,50981,22908,71338.86,iOS
APP-1352,55300,24848,77381.52,Android
APP-1353,528087,251647,1703555.68,iOS
APP-1353,917722,437318,2960476.81,Android
APP-1354,9889,2972,42876.28,iOS
APP-1354,17463,5249,75709.75,Android
APP-1355,36591,13826,88834.45,iOS
APP-1355,54513,20599,132344.71,Android
APP-1356,69482,21774,55316.4,iOS
APP-1356,78086,24470,62165.62,Android
APP-1357,921408,303592,4074461.4,iOS
APP-1357,1319154,434645,5833294.02,Android
APP-1358,65409,22664,181313.21,iOS
APP-1358,85550,29643,237141.04,Android
APP-1359,2043261,748509,4329357.62,Android
APP-1360,707461,302155,1428988.1,iOS
APP-1360,977875,417647,1975191.24,Android
APP-1361,89700,31553,82814.12,iOS
APP-1361,99587,35031,91941.89,Android
APP-1362,60864,27766,74642.87,iOS
APP-1362,97273,44375,119293.4,Android
APP-1363,48898,23247,103303.86,iOS
APP-1363,85936,40856,181552.78,Android
APP-1364,1930023,905398,4785120.59,iOS
APP-1364,2112076,990802,5236484.51,Android
APP-1365,70623,31505,126160.57,iOS
APP-1365,128799,57456,230082.78,Android
APP-1366,3895375,1539278,11391598.36,iOS
APP-1366,4470363,1766487,13073085.07,Android
APP-1367,866419,361087,2075765.45,iOS
APP-1367,1381473,575740,3309733.34,Android
APP-1368,1322844,408262,5248424.93,Android
APP-1369,991774,460912,2217959.89,iOS
APP-1369,1113984,517707,2491265.54,Android
APP-1370,141184,41356,254899.15,iOS
APP-1370,146545,42927,264578.83,Android
APP-1371,556867,219095,503513.12,iOS
APP-1371,582221,229070,526437.56,Android
APP-1372,72214,28677,202499.28,iOS
APP-1372,100977,40099,283155.51,Android
APP-1373,3661514,1586305,11039785.55,iOS
APP-1373,3858695,1671731,11634302.54,Android
APP-1374,5590460,2147417,21701328.93,iOS
APP-1374,6196343,2380150,24053274.34,Android
APP-1375,40896,15867,40819.84,iOS
APP-1375,52019,20183,51923.04,Android
APP-1376,76041,35570,273774.56,iOS
APP-1376,104693,48972,376929.26,Android
APP-1377,67115,23756,132747.63,iOS
APP-1377,69128,24468,136730.66,Android
APP-1378,367768,132713,779540.5,iOS
APP-1378,503670,181755,1067604.21,Android
APP-1379,237278,66695,915754.85,iOS
APP-1380,19108,6399,68973.49,iOS
APP-1380,35309,11824,127448.27,Android
APP-1381,1134592,353492,4074494.49,iOS
APP-1381,1276242,397624,4583184.19,Android
APP-1382,29924,9341,107379.68,iOS
APP-1382,54080,16881,194056.36,Android
APP-1383,102522,37288,135227.93,iOS
APP-1383,184762,67200,243704.57,Android
APP-1384,1020692,417336,3226918.79,iOS
APP-1384,1489993,609223,4710615.09,Android
APP-1385,2314765,957168,3680894.87,iOS
APP-1385,3225802,1333886,5129609.22,Android
APP-1386,98276,44532,372905.72,iOS
APP-1386,160610,72778,609430.01,Android
APP-1387,1109668,486991,3101309.44,iOS
APP-1387,1718613,754233,4803191.74,Android
APP-1388,634734,221890,1721844.84,iOS
APP-1388,782220,273449,2121929.24,Android
APP-1389,83590,38852,125860.85,iOS
APP-1389,138026,64154,207824.75,Android
APP-1390,712078,295718,3100105.63,iOS
APP-1390,789506,327874,3437200.4,Android
APP-1391,4601895,1554979,6407941.2,iOS
APP-1391,5030275,1699728,7004441.93,Android
APP-1392,82218,24467,218174.96,iOS
APP-1392,144029,42860,382195.7,Android
APP-1393,1150208,514390,4395928.76,iOS
APP-1393,1159530,518559,4431556.15,Android
APP-1394,3670316,1609983,8726215.85,iOS
APP-1394,4852182,2128408,11536111.93,Android
APP-1395,1173972,415278,3503096.12,iOS
APP-1395,1775014,627889,5296583.17,Android
APP-1396,94365,38083,105305.99,iOS
APP-1396,128200,51739,143064.43,Android
APP-1397,36706,13613,51228.16,iOS
APP-1397,67177,24915,93754.37,Android
APP-1398,919061,407110,952408.07,iOS
APP-1398,1245351,551644,1290538.13,Android
APP-1399,3101893,950653,7246643.64,iOS
APP-1399,3913611,1199424,9142977.83,Android
APP-1400,1078475,469425,2391396.14,iOS
APP-1400,1656535,721036,3673175.38,Android
APP-1401,20008,6578,34088.19,iOS
APP-1401,33805,11114,57593.75,Android
APP-1402,325575,115114,195641.09,iOS
APP-1402,381427,134861,229203.46,Android
APP-1403,103666,33798,185798.13,iOS
APP-1403,132166,43090,236878.81,Android
APP-1404,1065864,472871,2342090.01,iOS
APP-1404,1288435,571615,2831156.69,Android
APP-1405,1018893,372953,1296638.35,iOS
APP-1405,1577253,577334,2007203.31,Android
APP-1406,47747,19860,157259.12,iOS
APP-1406,88011,36609,289874.91,Android
APP-1407,1076073,437936,1045452.68,iOS
APP-1407,1279694,520804,1243278.49,Android
APP-1408,70422,25037,204352.57,iOS
APP-1408,96716,34385,280652.18,Android
APP-1409,36381,10642,153218.58,iOS
APP-1409,60612,17729,255266.64,Android
APP-1410,352117,115480,546694.93,iOS
APP-1410,503520,165135,781763.45,Android
APP-1411,33465,11206,21153.27,iOS
APP-1411,44356,14854,28037.51,Android
APP-1412,80592,33863,180416.62,iOS
APP-1412,136397,57311,305343.21,Android
APP-1413,9127,3324,24936.01,iOS
APP-1413,9517,3467,26002.97,Android
APP-1414,23030,10754,74532.33,iOS
APP-1414,35519,16585,114947.45,Android
APP-1415,1063742,479061,1923041.02,iOS
APP-1415,1684476,758612,3045208.85,Android
APP-1416,834878,294736,3362450.11,iOS
APP-1416,1296387,457663,5221161.4,Android
APP-1417,88078,37580,233490.79,iOS
APP-1417,123405,52653,327141.21,Android
APP-1418,1010858,390578,1369444.13,iOS
APP-1418,1361885,526208,1844990.8,Android
APP-1419,1095974,384188,4446539.38,iOS
APP-1419,1109856,389055,4502864.18,Android
APP-1420,7655,2334,19592.72,iOS
APP-1420,10289,3138,26330.99,Android
APP-1421,586071,188392,2030174.76,iOS
APP-1421,826476,265670,2862946.4,Android
APP-1422,56216,23888,173948.36,iOS
APP-1422,97635,41487,302107.01,Android
APP-1423,123001,42726,409974.48,iOS
APP-1423,161164,55982,537172.89,Android
APP-1424,143404,50999,99065.47,iOS
APP-1424,203849,72495,140821.21,Android
APP-1425,126295,45353,119817.52,iOS
APP-1425,126937,45584,120427.02,Android
APP-1426,978096,382602,1010459.23,iOS
APP-1426,1233539,482525,1274355.23,Android
APP-1427,61450,27365,45073.57,iOS
APP-1427,99535,44326,73008.7,Android
APP-1428,113429,40131,102956.97,iOS
APP-1429,98763,45358,417063.47,iOS
APP-1429,106080,48718,447960.25,Android
APP-1430,98897,34798,346177.29,iOS
APP-1430,149040,52443,521698.93,Android
APP-1431,119611,55204,335462.87,iOS
APP-1431,129582,59806,363426.2,Android
APP-1432,78130,36660,239153.04,iOS
APP-1433,112405,47918,335449.86,iOS
APP-1433,166084,70801,495642.59,Android
APP-1434,14776,4608,46668.55,iOS
APP-1434,16933,5280,53483.28,Android
APP-1435,211484,90749,817178.93,iOS
APP-1436,71354,30592,93502.6,iOS
APP-1436,94407,40477,123711.76,Android
APP-1437,45264,13515,198884.25,iOS
APP-1437,70117,20937,308087.38,Android
APP-1438,3713496,1634238,15799032.59,iOS
APP-1438,3958939,1742254,16843271.13,Android
APP-1439,107336,46443,153615.98,iOS
APP-1439,162344,70245,232342.69,Android
APP-1440,1006104,355846,3224285.01,iOS
APP-1440,1110452,392753,3558689.45,Android
APP-1441,3539107,1371027,6661647.59,iOS
APP-1441,5358306,2075774,10085918.9,Android
APP-1442,82440,38102,83251.73,iOS
APP-1442,100752,46565,101744.1,Android
APP-1443,4077,1391,11257.94,iOS
APP-1443,5484,1872,15143.36,Android
APP-1444,251705,112090,919506.61,iOS
APP-1444,434919,193679,1588807.96,Android
APP-1445,62268,29500,249495.57,iOS
APP-1445,89677,42484,359313.32,Android
APP-1446,5048,1451,21375.35,iOS
APP-1446,7650,2198,32388.8,Android
APP-1447,930351,384093,2748166.66,iOS
APP-1447,1208488,498922,3569756.47,Android
APP-1448,2855874,958515,9814570.29,iOS
APP-1448,4319363,1449704,14844035.8,Android
APP-1449,49916,18129,209357.84,iOS
APP-1449,66530,24164,279042.53,Android
APP-1450,56018,20537,78106.93,iOS
APP-1450,63249,23187,88188.94,Android
APP-1451,100368,30039,270507.66,iOS
APP-1451,177128,53012,477388.85,Android
APP-1452,44971,19443,65434.98,iOS
APP-1452,77839,33654,113258.17,Android
APP-1453,3151960,1130385,13055602.38,iOS
APP-1453,4164960,1493677,17251510.87,Android
APP-1454,40728,18426,88885.09,iOS
APP-1454,49712,22492,108493.55,Android
APP-1455,43180,19660,69939.16,iOS
APP-1455,55629,25329,90103.04,Android
APP-1456,61836,27721,38483.13,iOS
APP-1456,73329,32874,45635.82,Android
APP-1457,113639,39632,163080.63,iOS
APP-1457,138075,48154,198149.11,Android
APP-1458,444627,145239,1741815.14,iOS
APP-1458,687961,224726,2695072.06,Android
APP-1459,50035,16520,38996.28,iOS
APP-1459,55752,18407,43451.48,Android
APP-1460,149993,47053,239465.92,iOS
APP-1461,89529,42462,117010.55,iOS
APP-1461,93040,44127,121599.94,Android
APP-1462,110150,50987,300794.61,iOS
APP-1462,184628,85462,504178.15,Android
APP-1463,516068,161305,1446375.83,iOS
APP-1463,594567,185841,1666385.75,Android
APP-1464,28377,11245,88120.62,iOS
APP-1464,40978,16239,127246.95,Android
APP-1465,39033,14964,30749.08,iOS
APP-1465,57562,22067,45345.11,Android
APP-1466,9409,4161,35095.27,iOS
APP-1466,14207,6284,52990.17,Android
APP-1467,562651,222424,2110324.8,iOS
APP-1467,991397,391914,3718413.82,Android
APP-1468,853213,371676,1275429.37,iOS
APP-1468,887830,386756,1327178.2,Android
APP-1469,33377,11973,130942.66,iOS
APP-1469,56204,20163,220497.88,Android
APP-1470,93515,29981,389892.75,iOS
APP-1470,127848,40988,533038.43,Android
APP-1471,30659,13377,57062.81,iOS
APP-1471,38802,16930,72218.08,Android
APP-1472,889505,421298,2854222.79,iOS
APP-1472,1638794,776186,5258523.44,Android
APP-1473,39409,16388,96719.41,Android
APP-1474,538786,243408,1052085.36,iOS
APP-1474,555274,250858,1084283.36,Android
APP-1475,169904,77085,751406.05,iOS
APP-1476,97875,37525,80452.96,iOS
APP-1476,156886,60151,128960.05,Android
APP-1477,694843,262431,1812374.99,iOS
APP-1477,702883,265467,1833348.3,Android
APP-1478,129587,52027,308538.73,iOS
APP-1478,240089,96391,571638.1,Android
APP-1479,81883,38887,89234.46,iOS
APP-1479,86936,41287,94741.15,Android
APP-1480,17922,5110,15097.01,iOS
APP-1480,21901,6244,18449.08,Android
APP-1481,216920,84454,790614.01,iOS
APP-1482,119847,54084,171770.17,iOS
APP-1482,121330,54754,173897.05,Android
APP-1483,67335,28799,124765.3,iOS
APP-1483,82507,35288,152876.32,Android
APP-1484,55897,21248,167223.98,iOS
APP-1484,66903,25433,200152.67,Android
APP-1485,330776,110818,557025.39,iOS
APP-1485,536026,179581,902663.48,Android
APP-1486,9582,3326,17138.78,iOS
APP-1486,17440,6054,31195.53,Android
APP-1487,94983,36796,324424.89,iOS
APP-1487,104884,40632,358244.67,Android
APP-1488,20573,9483,45525.8,iOS
APP-1488,23728,10938,52508.15,Android
APP-1489,340819,154783,670674.55,iOS
APP-1489,472250,214473,929307.82,Android
APP-1490,27227,11532,96706.36,iOS
APP-1490,28300,11986,100516.22,Android
APP-1491,96726,33355,246191.84,iOS
APP-1491,98771,34060,251395.75,Android
APP-1492,1322756,494009,1252721.74,iOS
APP-1492,2192549,818849,2076462.04,Android
APP-1493,19806,6979,44396.21,iOS
APP-1493,25212,8885,56515.44,Android
APP-1494,94104,39627,216653.03,iOS
APP-1494,131584,55410,302942.26,Android
APP-1495,1101168,325314,3453033.34,iOS
APP-1495,1193987,352736,3744094.51,Android
APP-1496,30438,11479,23090.72,iOS
APP-1496,36981,13946,28053.99,Android
APP-1497,65793,19870,281017.3,iOS
APP-1497,103381,31222,441559.22,Android
APP-1498,448749,132658,1168400.18,iOS
APP-1498,651558,192612,1696450.35,Android
APP-1499,154577,61098,539030.5,iOS
APP-1499,168421,66570,587309.46,Android
APP-1500,7618,2293,13446.61,iOS
APP-1500,10262,3089,18112.06,Android
APP-1501,109455,41462,210379.47,iOS
APP-1502,125536,55680,89071.9,iOS
APP-1502,207331,91959,147107.76,Android
APP-1503,892227,393155,3774840.84,iOS
APP-1503,1077400,474750,4558268.24,Android
APP-1504,115779,43788,396774.18,iOS
APP-1504,137347,51946,470689.14,Android
APP-1505,49234,14613,200072.36,iOS
APP-1505,68208,20245,277179.29,Android
APP-1506,39358,14308,51445.02,iOS
APP-1506,53093,19302,69398.99,Android
APP-1507,133030,55812,248089.35,Android
APP-1508,297620,135757,316707.04,iOS
APP-1509,4313148,1870367,9962932.09,iOS
APP-1509,4397438,1906920,10157634.59,Android
APP-1510,61048,21344,201251.15,iOS
APP-1510,66014,23081,217620.74,Android
APP-1511,68932,22491,248283.92,iOS
APP-1511,84164,27461,303144.35,Android
APP-1512,336402,108108,884100.58,iOS
APP-1512,451279,145025,1186011.15,Android
APP-1513,46055,20807,110472.54,iOS
APP-1513,78055,35265,187230.31,Android
APP-1514,55630,26363,157718.66,iOS
APP-1514,86843,41156,246213.16,Android
APP-1515,36832,15500,77036.79,iOS
APP-1515,44592,18766,93265.22,Android
APP-1516,93081,41093,71235.42,iOS
APP-1516,159504,70418,122068.86,Android
APP-1517,128966,42845,220610.09,iOS
APP-1517,164224,54558,280922.92,Android
APP-1518,511843,240549,709397.82,iOS
APP-1518,806604,379078,1117926.2,Android
APP-1519,53016,20588,32892.55,iOS
APP-1519,96382,37430,59797.69,Android
APP-1520,23856,11123,33124.56,iOS
APP-1520,30606,14270,42497.53,Android
APP-1521,75917,32836,332377.78,iOS
APP-1521,117135,50665,512836.3,Android
APP-1522,953753,280566,1546857.41,iOS
APP-1522,1138065,334785,1845785.03,Android
APP-1523,132560,39897,283893.28,iOS
APP-1523,157659,47451,337645.08,Android
APP-1524,2815621,793864,10516896.26,iOS
APP-1525,14953,6243,20393.24,iOS
APP-1525,26720,11155,36439.37,Android
APP-1526,502240,220143,932571.56,iOS
APP-1526,660579,289547,1226580.14,Android
APP-1527,4823,2031,14988.71,iOS
APP-1527,7894,3326,24534.08,Android
APP-1528,1049773,500619,3284394.89,iOS
APP-1528,1213205,578558,3795722.44,Android
APP-1529,909707,270929,1718717.63,iOS
APP-1529,1321508,393571,2496737.58,Android
APP-1530,459292,131036,2065855.42,iOS
APP-1530,830957,237072,3737570.64,Android
APP-1531,61858,18608,165378.73,iOS
APP-1531,78457,23602,209753.97,Android
APP-1532,76596,22270,269399.12,iOS
APP-1532,128459,37348,451808.02,Android
APP-1533,1292387,521072,2465477.51,iOS
APP-1533,1422885,573687,2714428.43,Android
APP-1534,97494,28766,73794.15,iOS
APP-1534,132584,39120,100353.3,Android
APP-1535,105937,31981,128766.47,iOS
APP-1535,186018,56158,226105.07,Android
APP-1536,89292,40836,114010.67,iOS
APP-1536,106527,48718,136015.5,Android
APP-1537,154223,51236,131163.24,iOS
APP-1538,127876,47159,421875.91,iOS
APP-1538,145396,53619,479672.54,Android
APP-1539,1394372,658331,6217687.59,iOS
APP-1539,1510269,713051,6734490.99,Android
APP-1540,90726,33735,326452.0,iOS
APP-1540,138361,51449,497855.03,Android
APP-1541,28309,9495,39617.9,iOS
APP-1541,37368,12533,52295.79,Android
APP-1542,992678,388171,2433452.31,iOS
APP-1542,1094038,427806,2681926.27,Android
APP-1543,8557,3756,31860.99,iOS
APP-1543,12580,5523,46837.59,Android
APP-1544,40923,16741,134685.0,iOS
APP-1544,51445,21045,169311.84,Android
APP-1545,376195,172446,1027114.97,iOS
APP-1545,633077,290200,1728472.19,Android
APP-1546,5191875,2374989,10095448.49,iOS
APP-1546,5774962,2641718,11229243.13,Android
APP-1547,89935,32166,192788.66,iOS
APP-1547,163777,58576,351077.14,Android
APP-1548,123498,54056,536674.69,iOS
APP-1548,175744,76926,763717.46,Android
APP-1549,776417,320774,970361.71,iOS
APP-1549,852459,352191,1065399.68,Android
APP-1550,567135,241916,1747711.33,Android
APP-1551,110910,44658,417369.75,iOS
APP-1551,185939,74869,699708.47,Android
APP-1552,1551678,456116,6426039.66,iOS
APP-1553,276542,87855,1189295.64,Android
APP-1554,650572,296331,1070701.32,iOS
APP-1554,690690,314605,1136727.99,Android
APP-1555,93225,40174,350530.44,iOS
APP-1555,168576,72646,633847.1,Android
APP-1556,22457,7882,87721.59,iOS
APP-1556,31696,11124,123810.39,Android
APP-1557,28587,13656,87177.68,iOS
APP-1557,30315,14482,92448.11,Android
APP-1558,35933,12594,93071.92,iOS
APP-1558,59625,20898,154438.6,Android
APP-1559,49712,16681,110304.84,iOS
APP-1559,54459,18275,120838.12,Android
APP-1560,229959,66803,381001.72,iOS
APP-1561,77344,37058,153695.98,iOS
APP-1561,133962,64187,266207.6,Android
APP-1562,52674,24910,170607.97,iOS
APP-1562,94073,44489,304694.83,Android
APP-1563,40324,12718,160647.22,iOS
APP-1563,44534,14046,177416.5,Android
APP-1564,211692,92924,491801.27,iOS
APP-1564,288937,126831,671253.69,Android
APP-1565,10864454,3760553,38849368.86,Android
APP-1566,79004,32661,136528.83,iOS
APP-1566,110930,45859,191698.77,Android
APP-1567,107562,47113,456040.1,Android
APP-1568,98117,45624,162246.54,iOS
APP-1568,181528,84410,300173.45,Android
APP-1569,715220,229494,3120348.71,iOS
APP-1569,1194920,383417,5213171.64,Android
APP-1570,29477,10169,47679.85,iOS
APP-1570,33172,11444,53657.32,Android
APP-1571,474205,137212,763799.51,iOS
APP-1571,650501,188223,1047757.94,Android
APP-1572,101937,28698,229639.69,iOS
APP-1572,137706,38769,310218.27,Android
APP-1573,986355,466879,1622967.76,iOS
APP-1573,1450567,686609,2386790.82,Android
APP-1574,12893,5428,36550.05,iOS
APP-1574,15180,6391,43031.83,Android
APP-1575,36902,16238,30230.51,iOS
APP-1575,51020,22452,41796.65,Android
APP-1576,73470,26825,56979.68,iOS
APP-1576,123733,45177,95961.46,Android
APP-1577,3402,1235,3116.73,iOS
APP-1577,5026,1825,4603.62,Android
APP-1578,7708,3650,21888.72,iOS
APP-1578,8971,4248,25473.6,Android
APP-1579,4039,1857,16656.89,iOS
APP-1579,4699,2161,19376.19,Android
APP-1580,5106,1984,17537.79,iOS
APP-1580,7710,2997,26480.67,Android
APP-1581,119171,54616,441018.79,iOS
APP-1581,124484,57051,460681.44,Android
APP-1582,45025,14600,145066.94,iOS
APP-1582,72776,23598,234474.22,Android
APP-1583,113222,45806,110841.6,iOS
APP-1583,174799,70718,171123.28,Android
APP-1584,97356,44330,350267.22,iOS
APP-1584,101576,46251,365451.86,Android
APP-1585,471846,167382,574703.9,iOS
APP-1585,744494,264102,906785.86,Android
APP-1586,82873,39705,141975.75,iOS
APP-1586,124932,59855,214029.15,Android
APP-1587,76774,32670,226086.93,iOS
APP-1587,92273,39265,271726.12,Android
APP-1588,26317,11928,50394.13,iOS
APP-1588,40343,18287,77253.74,Android
APP-1589,111455,36403,273589.32,iOS
APP-1589,134372,43889,329845.78,Android
APP-1590,172948,73679,639613.05,iOS
APP-1591,69757,26176,238069.44,iOS
APP-1591,84197,31594,287354.22,Android
APP-1592,1077547,348272,4065458.92,iOS
APP-1592,1674294,541145,6316913.25,Android
APP-1593,91753,32638,365057.51,iOS
APP-1593,107676,38301,428407.53,Android
APP-1594,256291,87577,233378.22,iOS
APP-1594,352776,120547,321236.33,Android
APP-1595,20878,8070,79533.3,iOS
APP-1595,32896,12715,125310.65,Android
APP-1596,1145628,425627,1556871.15,iOS
APP-1596,1681355,624661,2284905.83,Android
APP-1597,255630,81479,969239.48,iOS
APP-1597,442099,140913,1676244.74,Android
APP-1598,250224,71320,943013.29,iOS
APP-1598,362868,103425,1367527.29,Android
APP-1599,18736,8923,58287.88,iOS
APP-1599,28060,13363,87294.27,Android
APP-1600,47258,20218,145678.68,iOS
APP-1600,62898,26908,193888.41,Android
APP-1601,33989,11619,104219.37,iOS
APP-1601,50829,17377,155855.25,Android
APP-1602,114375,48546,172148.4,iOS
APP-1602,182546,77482,274752.64,Android
APP-1603,48226,22788,182280.97,iOS
APP-1603,55180,26073,208563.85,Android
APP-1604,137350,42724,258110.65,iOS
APP-1604,149551,46518,281037.09,Android
APP-1605,54673,18750,180060.42,iOS
APP-1605,66023,22642,217439.72,Android
APP-1606,93709,29167,294524.76,iOS
APP-1606,134401,41832,422414.19,Android
APP-1607,74003,24919,82447.8,iOS
APP-1607,124682,41985,138910.34,Android
APP-1608,47965,16222,126102.03,iOS
APP-1608,63793,21574,167712.58,Android
APP-1609,679284,231990,1714097.41,iOS
APP-1610,2457972,1088833,2347565.46,Android
APP-1611,1677927,700186,3543449.51,Android
APP-1612,17851,6993,54667.21,iOS
APP-1612,31247,12240,95691.46,Android
APP-1613,5749016,2183705,12153577.5,iOS
APP-1613,5937540,2255313,12552121.62,Android
APP-1614,116433,41676,255593.26,iOS
APP-1614,130062,46553,285509.29,Android
APP-1615,51254,20997,46666.29,iOS
APP-1615,59875,24528,54515.05,Android
APP-1616,6673,3194,25730.9,iOS
APP-1616,8930,4275,34429.16,Android
APP-1617,38341,16031,88169.38,iOS
APP-1617,42473,17759,97669.69,Android
APP-1618,50687,19003,48078.14,iOS
APP-1618,85182,31935,80797.56,Android
APP-1619,1295559,616497,1866633.01,iOS
APP-1619,1512973,719954,2179882.24,Android
APP-1620,588603,177811,406109.38,iOS
APP-1620,939930,283943,648509.22,Android
APP-1621,211907,86097,783504.63,Android
APP-1622,242279,81536,556849.95,Android
APP-1623,57183,21308,133820.35,iOS
APP-1623,95850,35718,224310.3,Android
APP-1624,734822,295137,1674235.28,iOS
APP-1624,1330455,534370,3031339.8,Android
APP-1625,16590,6923,50022.72,iOS
APP-1625,16987,7089,51220.4,Android
APP-1626,32277,12074,62865.84,iOS
APP-1626,37336,13967,72717.43,Android
APP-1627,38779,16758,29748.86,iOS
APP-1627,49994,21605,38351.35,Android
APP-1628,48798,15431,69976.23,iOS
APP-1628,50843,16077,72908.07,Android
APP-1629,1670759,653492,6376251.98,iOS
APP-1629,1721353,673281,6569341.61,Android
APP-1630,36805,14891,74847.1,iOS
APP-1630,39309,15905,79938.46,Android
APP-1631,2307898,982683,8765292.55,iOS
APP-1631,2691703,1146104,10222969.72,Android
APP-1632,64659,27068,285514.07,iOS
APP-1633,647347,194062,490989.19,iOS
APP-1633,984586,295160,746771.98,Android
APP-1634,15804,5309,37372.93,iOS
APP-1634,16799,5643,39724.41,Android
APP-1635,54118,21611,148503.68,iOS
APP-1635,71916,28718,197340.29,Android
APP-1636,678499,320837,2370103.55,iOS
APP-1636,1133455,535970,3959336.21,Android
APP-1637,56226,26190,133178.39,iOS
APP-1637,86069,40092,203863.58,Android
APP-1638,97410,37047,170169.34,iOS
APP-1638,158113,60134,276215.25,Android
APP-1639,59919,18096,195358.98,iOS
APP-1639,89971,27172,293340.02,Android
APP-1640,14081,4447,46620.62,iOS
APP-1640,19909,6288,65917.36,Android
APP-1641,23178,7451,23645.9,iOS
APP-1641,41456,13327,42292.82,Android
APP-1642,55093,16806,44764.66,iOS
APP-1642,69692,21259,56625.75,Android
APP-1643,195331,58144,277579.1,iOS
APP-1643,265245,78956,376930.55,Android
APP-1644,6682,2547,24999.84,iOS
APP-1644,7445,2838,27857.79,Android
APP-1645,617439,208294,1597220.39,iOS
APP-1645,773678,261001,2001384.62,Android
APP-1646,34700,11717,144451.5,iOS
APP-1646,48592,16408,202285.82,Android
APP-1647,82093,27205,347332.88,iOS
APP-1647,126675,41980,535954.77,Android
APP-1648,2481621,764523,5984075.7,iOS
APP-1649,83830,28547,349292.45,iOS
APP-1649,106495,36266,443725.64,Android
APP-1650,101914,33051,126150.28,iOS
APP-1650,142493,46211,176378.53,Android
APP-1651,14151,4483,38352.16,iOS
APP-1651,18847,5970,51077.84,Android
APP-1652,2437298,753482,1747063.06,iOS
APP-1652,3977358,1229587,2850983.28,Android
APP-1653,77095,23745,283517.97,iOS
APP-1653,137798,42440,506749.64,Android
APP-1654,698638,245836,739329.38,iOS
APP-1654,866785,305003,917269.39,Android
APP-1655,41295,16767,125234.12,iOS
APP-1655,67178,27276,203727.05,Android
APP-1656,109638,31010,376140.83,iOS
APP-1656,140603,39768,482374.32,Android
APP-1657,36760,17255,40149.84,iOS
APP-1657,40414,18969,44140.23,Android
APP-1658,111000,39340,79879.87,iOS
APP-1658,180531,63982,129917.23,Android
APP-1659,58996,22207,180666.65,iOS
APP-1659,103138,38823,315846.33,Android
APP-1660,1033828,488668,1131801.26,iOS
APP-1660,1806591,853938,1977798.05,Android
APP-1661,109991,51121,275145.86,iOS
APP-1661,144176,67010,360658.74,Android
APP-1662,167778,73877,171125.92,Android
APP-1663,564142,219085,1926301.76,iOS
APP-1663,774646,300835,2645077.73,Android
APP-1664,32306,12689,141043.61,iOS
APP-1664,33785,13270,147499.49,Android
APP-1665,373623,166109,318586.09,iOS
APP-1665,527733,234624,449994.54,Android
APP-1666,289198,123916,723178.97,Android
APP-1667,1240786,480215,2843958.3,iOS
APP-1667,1683995,651749,3859822.69,Android
APP-1668,1442807,465231,1662265.63,iOS
APP-1668,1464633,472268,1687412.01,Android
APP-1669,515583,194103,1328927.46,iOS
APP-1669,544991,205174,1404729.1,Android
APP-1670,784617,314930,3387723.9,iOS
APP-1670,1190494,477841,5140165.66,Android
APP-1671,79172,24352,258870.28,iOS
APP-1671,90773,27920,296801.03,Android
APP-1672,114457,37635,409129.18,iOS
APP-1672,158576,52142,566833.75,Android
APP-1673,81084,26172,181129.43,iOS
APP-1673,146834,47396,328004.41,Android
APP-1674,4291867,1419082,10341933.43,iOS
APP-1674,6128992,2026517,14768775.47,Android
APP-1675,1287247,478700,2625389.22,iOS
APP-1675,1340707,498581,2734424.24,Android
APP-1676,113079,48851,251413.09,iOS
APP-1676,171952,74285,382306.7,Android
APP-1677,632832,231051,1321853.07,iOS
APP-1677,655708,239403,1369636.21,Android
APP-1678,285672,128154,880828.39,iOS
APP-1678,325911,146205,1004896.22,Android
APP-1679,82332,28445,356937.4,iOS
APP-1679,141722,48964,614412.55,Android
APP-1680,183492,55058,207496.96,iOS
APP-1681,145333,60373,355870.2,iOS
APP-1681,193423,80350,473623.71,Android
APP-1682,71040,20758,274204.69,iOS
APP-1682,109142,31893,421275.93,Android
APP-1683,2670589,908405,7078971.48,Android
APP-1684,1440768,534766,2363704.56,iOS
APP-1684,2457255,912054,4031340.31,Android
APP-1685,78934,29645,293416.78,iOS
APP-1685,144025,54090,535369.41,Android
APP-1686,77021,36750,303637.88,iOS
APP-1686,80680,38495,318060.81,Android
APP-1687,1209044,578854,1420095.14,iOS
APP-1687,1380465,660925,1621440.62,Android
APP-1688,115043,37709,366031.67,iOS
APP-1688,167923,55042,534282.02,Android
APP-1689,890515,326535,543873.25,iOS
APP-1689,1444555,529690,882246.85,Android
APP-1690,60279,28222,120321.02,iOS
APP-1690,107094,50140,213764.53,Android
APP-1691,588374,215225,1594267.35,iOS
APP-1691,680121,248785,1842863.67,Android
APP-1692,1195025,370624,4179205.6,iOS
APP-1692,1457062,451892,5095593.81,Android
APP-1693,131908,37281,549624.39,iOS
APP-1693,135713,38357,565479.88,Android
APP-1694,138218,47480,346552.98,iOS
APP-1694,151131,51916,378928.99,Android
APP-1695,24601,6946,83311.19,iOS
APP-1695,32475,9170,109976.91,Android
APP-1696,378711,165336,1650358.57,iOS
APP-1696,660885,288527,2880019.01,Android
APP-1697,264251,111083,166761.74,Android
APP-1698,920292,275583,3007003.69,iOS
APP-1698,1557515,466402,5089096.09,Android
APP-1699,1390281,623847,4564113.39,iOS
APP-1699,2415198,1083748,7928786.7,Android
APP-1700,7303,2811,26434.93,iOS
APP-1700,10760,4142,38950.74,Android
APP-1701,4415,1393,9635.86,iOS
APP-1701,5430,1714,11849.42,Android
APP-1702,249325,101687,888666.87,iOS
APP-1702,257027,104829,916119.14,Android
APP-1703,3695293,1738877,4595453.09,iOS
APP-1703,6619510,3114914,8231999.37,Android
APP-1704,594611,171115,409943.13,iOS
APP-1704,708613,203921,488539.38,Android
APP-1705,4776836,2042193,6180126.35,iOS
APP-1705,7065769,3020758,9141479.32,Android
APP-1706,100812,35489,125075.84,iOS
APP-1706,142379,50121,176645.96,Android
APP-1707,59898,26561,214400.69,iOS
APP-1707,70727,31363,253160.77,Android
APP-1708,10280,2992,16607.67,iOS
APP-1708,11740,3417,18965.37,Android
APP-1709,1073934,309238,1680729.29,iOS
APP-1709,1282867,369400,2007713.08,Android
APP-1710,3022,935,9755.41,iOS
APP-1710,4771,1476,15402.66,Android
APP-1711,600353,206603,2551130.11,iOS
APP-1711,915322,314996,3889553.35,Android
APP-1712,26360,10272,106699.87,iOS
APP-1712,47325,18441,191559.29,Android
APP-1713,11596,4358,17492.59,iOS
APP-1713,19803,7444,29873.93,Android
APP-1714,34117,11313,124558.4,iOS
APP-1714,50478,16738,184289.27,Android
APP-1715,8517611,3963765,13838167.92,Android
APP-1716,65385,18940,221152.44,iOS
APP-1716,94204,27288,318626.79,Android
APP-1717,20827,6448,79838.62,iOS
APP-1717,21821,6755,83651.78,Android
APP-1718,1027224,322719,1766620.86,iOS
APP-1718,1153210,362300,1983292.03,Android
APP-1719,53827,18552,202353.91,iOS
APP-1719,96297,33190,362011.64,Android
APP-1720,117756,33488,262262.06,iOS
APP-1720,121193,34466,269917.52,Android
APP-1721,124378,45149,380548.19,iOS
APP-1721,172548,62634,527930.13,Android
APP-1722,7530,3059,31582.75,iOS
APP-1722,10029,4075,42065.22,Android
APP-1723,305386,108145,614354.17,iOS
APP-1723,367170,130024,738647.86,Android
APP-1724,1580626,675945,2315944.52,Android
APP-1725,98943,44841,437836.51,iOS
APP-1725,148214,67171,655863.25,Android
APP-1726,3348861,1055402,9355362.23,iOS
APP-1726,5895960,1858128,16470925.29,Android
APP-1727,102002,33476,89713.9,iOS
APP-1728,60683,18415,254346.37,iOS
APP-1728,88579,26881,371264.84,Android
APP-1729,100498,31035,271449.89,iOS
APP-1729,178027,54976,480855.92,Android
APP-1730,945107,341232,614888.05,iOS
APP-1730,1412397,509947,918906.96,Android
APP-1731,88225,39136,113087.05,iOS
APP-1731,105072,46608,134680.5,Android
APP-1732,10190942,4403001,11126283.99,iOS
APP-1733,123878,44181,322986.06,iOS
APP-1733,161449,57581,420941.67,Android
APP-1734,94385,32820,421024.11,iOS
APP-1734,108902,37869,485779.48,Android
