app_id,publisher_id,app_name,publisher_name,app_domain,publisher_domain
APP-1001,PUB-0001,Nimbus Ride,Nimbus Interactive,ride.nimbusint.com,nimbusint.com
APP-1002,PUB-0001,Nimbus Eats,Nimbus Interactive,eats.nimbusint.com,nimbusint.com
APP-1003,PUB-0001,Nimbus Freight,Nimbus Interactive,freight.nimbusint.com,nimbusint.com
APP-1004,PUB-0001,Nimbus Wallet,Nimbus Interactive,wallet.nimbusint.com,nimbusint.com
APP-1005,PUB-0002,Cobalt Siege,Cobalt Play,siege.cobaltplay.io,cobaltplay.io
APP-1006,PUB-0002,Cobalt Solitaire,Cobalt Play,solitaire.cobaltplay.io,cobaltplay.io
APP-1007,PUB-0002,Cobalt Racers,Cobalt Play,racers.cobaltplay.io,cobaltplay.io
APP-1008,PUB-0003,Mercato Table,Mercato Group,table.mercatogroup.com,mercatogroup.com
APP-1009,PUB-0003,Mercato Stay,Mercato Group,stay.mercatogroup.com,mercatogroup.com
APP-1010,PUB-0003,Mercato Market,Mercato Group,market.mercatogroup.com,mercatogroup.com
APP-1011,PUB-0004,Orchid Fit,Orchid Labs,fit.orchidlabs.co,orchidlabs.co
APP-1012,PUB-0004,Orchid Sleep,Orchid Labs,sleep.orchidlabs.co,orchidlabs.co
APP-1013,PUB-0005,Pinewood Stream,Pinewood Digital,stream.pinewood-digital.com,pinewood-digital.com
APP-1014,PUB-0005,Pinewood Kids,Pinewood Digital,kids.pinewood-digital.com,pinewood-digital.com
APP-1015,PUB-0005,Pinewood Radio,Pinewood Digital,radio.pinewood-digital.com,pinewood-digital.com
APP-1016,PUB-0006,Halcyon Bank,Halcyon Mobile,bank.halcyonmobile.net,halcyonmobile.net
APP-1017,PUB-0006,Halcyon Invest,Halcyon Mobile,invest.halcyonmobile.net,halcyonmobile.net
APP-1018,PUB-0007,Tessera Notes,Tessera Apps,notes.tesseraapps.com,tesseraapps.com
APP-1019,PUB-0007,Tessera Scan,Tessera Apps,scan.tesseraapps.com,tesseraapps.com
APP-1020,PUB-0008,Vantage News,Vantage Point Media,news.vantagepointmedia.com,vantagepointmedia.com
APP-1021,PUB-0008,Vantage Sports,Vantage Point Media,sports.vantagepointmedia.com,vantagepointmedia.com
APP-1022,PUB-0008,Vantage Weather,Vantage Point Media,weather.vantagepointmedia.com,vantagepointmedia.com
APP-1023,PUB-0009,Brightfin Pay,Brightfin,pay.brightfin.app,brightfin.app
APP-1024,PUB-0009,Brightfin Credit,Brightfin,credit.brightfin.app,brightfin.app
APP-1025,PUB-0010,Kestrel Dating,Kestrel Digital,dating.kestreldigital.com,kestreldigital.com
APP-1026,PUB-0010,Kestrel Meet,Kestrel Digital,meet.kestreldigital.com,kestreldigital.com
APP-1027,PUB-0011,Sable Shop,Sable and Co,shop.sableco.com,sableco.com
APP-1028,PUB-0011,Sable Style,Sable and Co,style.sableco.com,sableco.com
APP-1029,PUB-0012,Juniper Learn,Juniper Works,learn.juniperworks.io,juniperworks.io
APP-1030,PUB-0012,Juniper Tutor,Juniper Works,tutor.juniperworks.io,juniperworks.io
APP-1031,PUB-0013,Nomad Invest,Nomad Works,invest.nomadworks.com,nomadworks.com
APP-1032,PUB-0014,Obsidian Maps,Obsidian Systems,maps.obsidiansystems.co,obsidiansystems.co
APP-1033,PUB-0014,Obsidian Transit,Obsidian Systems,transit.obsidiansystems.co,obsidiansystems.co
APP-1034,PUB-0014,Obsidian Bank,Obsidian Systems,bank.obsidiansystems.co,obsidiansystems.co
APP-1035,PUB-0014,Obsidian Market,Obsidian Systems,market.obsidiansystems.co,obsidiansystems.co
APP-1036,PUB-0015,Northwind Clip,Northwind Systems,clip.northwindsystems.app,northwindsystems.app
APP-1037,PUB-0015,Northwind Studio,Northwind Systems,studio.northwindsystems.app,northwindsystems.app
APP-1038,PUB-0016,Kappa News,Kappa Applications,news.kappaapplications.co,kappaapplications.co
APP-1039,PUB-0016,Kappa Vault,Kappa Applications,vault.kappaapplications.co,kappaapplications.co
APP-1040,PUB-0016,Kappa Tutor,Kappa Applications,tutor.kappaapplications.co,kappaapplications.co
APP-1041,PUB-0017,Xenon Cam,Xenon Studios,cam.xenonstudios.com,xenonstudios.com
APP-1042,PUB-0017,Xenon Go,Xenon Studios,go.xenonstudios.com,xenonstudios.com
APP-1043,PUB-0017,Xenon Tap,Xenon Studios,tap.xenonstudios.com,xenonstudios.com
APP-1044,PUB-0017,Xenon Quest,Xenon Studios,quest.xenonstudios.com,xenonstudios.com
APP-1045,PUB-0017,Xenon Wallet,Xenon Studios,wallet.xenonstudios.com,xenonstudios.com
APP-1046,PUB-0018,Bramble Dating,Bramble Labs,dating.bramblelabs.com,bramblelabs.com
APP-1047,PUB-0018,Bramble Credit,Bramble Labs,credit.bramblelabs.com,bramblelabs.com
APP-1048,PUB-0018,Bramble Cards,Bramble Labs,cards.bramblelabs.com,bramblelabs.com
APP-1049,PUB-0019,Jubilee Kids,Jubilee Interactive,kids.jubileeinteractive.com,jubileeinteractive.com
APP-1050,PUB-0019,Jubilee Charge,Jubilee Interactive,charge.jubileeinteractive.com,jubileeinteractive.com
APP-1051,PUB-0019,Jubilee Puzzle,Jubilee Interactive,puzzle.jubileeinteractive.com,jubileeinteractive.com
APP-1052,PUB-0020,Yonder Sleep,Yonder Works,sleep.yonderworks.games,yonderworks.games
APP-1053,PUB-0021,Ember Credit,Ember Studios,credit.emberstudios.co,emberstudios.co
APP-1054,PUB-0021,Ember Transit,Ember Studios,transit.emberstudios.co,emberstudios.co
APP-1055,PUB-0021,Ember Table,Ember Studios,table.emberstudios.co,emberstudios.co
APP-1056,PUB-0021,Ember Vault,Ember Studios,vault.emberstudios.co,emberstudios.co
APP-1057,PUB-0021,Ember Ride,Ember Studios,ride.emberstudios.co,emberstudios.co
APP-1058,PUB-0022,Cedar Deck,Cedar Union,deck.cedarunion.io,cedarunion.io
APP-1059,PUB-0022,Cedar Style,Cedar Union,style.cedarunion.io,cedarunion.io
APP-1060,PUB-0023,Crimson Credit,Crimson Atelier,credit.crimsonatelier.com,crimsonatelier.com
APP-1061,PUB-0023,Crimson Kids,Crimson Atelier,kids.crimsonatelier.com,crimsonatelier.com
APP-1062,PUB-0023,Crimson Mind,Crimson Atelier,mind.crimsonatelier.com,crimsonatelier.com
APP-1063,PUB-0023,Crimson Meet,Crimson Atelier,meet.crimsonatelier.com,crimsonatelier.com
APP-1064,PUB-0024,Nettle Sports,Nettle Mobile,sports.nettlemobile.com,nettlemobile.com
APP-1065,PUB-0024,Nettle Stream,Nettle Mobile,stream.nettlemobile.com,nettlemobile.com
APP-1066,PUB-0024,Nettle Health,Nettle Mobile,health.nettlemobile.com,nettlemobile.com
APP-1067,PUB-0024,Nettle Sleep,Nettle Mobile,sleep.nettlemobile.com,nettlemobile.com
APP-1068,PUB-0025,Petrel Tracker,Petrel Ventures,tracker.petrelventures.com,petrelventures.com
APP-1069,PUB-0026,Pivot Plus,Pivot Media,plus.pivotmedia.net,pivotmedia.net
APP-1070,PUB-0027,Hazel Vault,Hazel Dynamics,vault.hazeldynamics.com,hazeldynamics.com
APP-1071,PUB-0027,Hazel Stay,Hazel Dynamics,stay.hazeldynamics.com,hazeldynamics.com
APP-1072,PUB-0028,Hazel Arena,Hazel Apps,arena.hazelapps.ai,hazelapps.ai
APP-1073,PUB-0029,Hinge Health,Hinge Solutions,health.hingesolutions.com,hingesolutions.com
APP-1074,PUB-0030,Fathom Cam,Fathom Technologies,cam.fathomtechnologies.ai,fathomtechnologies.ai
APP-1075,PUB-0030,Fathom Vault,Fathom Technologies,vault.fathomtechnologies.ai,fathomtechnologies.ai
APP-1076,PUB-0031,Upland Cart,Upland Dynamics,cart.uplanddynamics.io,uplanddynamics.io
APP-1077,PUB-0031,Upland Charge,Upland Dynamics,charge.uplanddynamics.io,uplanddynamics.io
APP-1078,PUB-0031,Upland Pay,Upland Dynamics,pay.uplanddynamics.io,uplanddynamics.io
APP-1079,PUB-0031,Upland Maps,Upland Dynamics,maps.uplanddynamics.io,uplanddynamics.io
APP-1080,PUB-0031,Upland Vault,Upland Dynamics,vault.uplanddynamics.io,uplanddynamics.io
APP-1081,PUB-0032,Jubilee Freight,Jubilee Systems,freight.jubileesystems.co,jubileesystems.co
APP-1082,PUB-0032,Jubilee Tap,Jubilee Systems,tap.jubileesystems.co,jubileesystems.co
APP-1083,PUB-0032,Jubilee Transit,Jubilee Systems,transit.jubileesystems.co,jubileesystems.co
APP-1084,PUB-0032,Jubilee Stream,Jubilee Systems,stream.jubileesystems.co,jubileesystems.co
APP-1085,PUB-0033,Larkspur Studio,Larkspur Collective,studio.larkspurcollective.com,larkspurcollective.com
APP-1086,PUB-0034,Verdant Tutor,Verdant Ventures,tutor.verdantventures.com,verdantventures.com
APP-1087,PUB-0034,Verdant Transit,Verdant Ventures,transit.verdantventures.com,verdantventures.com
APP-1088,PUB-0035,Kappa Sleep,Kappa Union,sleep.kappaunion.io,kappaunion.io
APP-1089,PUB-0036,Nova Sleep,Nova Holdings,sleep.novaholdings.com,novaholdings.com
APP-1090,PUB-0037,Thistle Stay,Thistle Systems,stay.thistlesystems.io,thistlesystems.io
APP-1091,PUB-0038,Nettle Mind,Nettle Media,mind.nettlemedia.io,nettlemedia.io
APP-1092,PUB-0039,Iris Home,Iris Innovations,home.irisinnovations.app,irisinnovations.app
APP-1093,PUB-0039,Iris Style,Iris Innovations,style.irisinnovations.app,irisinnovations.app
APP-1094,PUB-0039,Iris Vault,Iris Innovations,vault.irisinnovations.app,irisinnovations.app
APP-1095,PUB-0039,Iris Shop,Iris Innovations,shop.irisinnovations.app,irisinnovations.app
APP-1096,PUB-0039,Iris Pulse,Iris Innovations,pulse.irisinnovations.app,irisinnovations.app
APP-1097,PUB-0040,Pallas Kids,Pallas Studios,kids.pallasstudios.com,pallasstudios.com
APP-1098,PUB-0040,Pallas Quest,Pallas Studios,quest.pallasstudios.com,pallasstudios.com
APP-1099,PUB-0040,Pallas Stay,Pallas Studios,stay.pallasstudios.com,pallasstudios.com
APP-1100,PUB-0041,Lyre Chef,Lyre Applications,chef.lyreapplications.com,lyreapplications.com
APP-1101,PUB-0042,Willow Eats,Willow Technologies,eats.willowtechnologies.com,willowtechnologies.com
APP-1102,PUB-0043,Zinc Quest,Zinc House,quest.zinchouse.io,zinchouse.io
APP-1103,PUB-0043,Zinc Go,Zinc House,go.zinchouse.io,zinchouse.io
APP-1104,PUB-0044,Dovetail Eats,Dovetail Group,eats.dovetailgroup.com,dovetailgroup.com
APP-1105,PUB-0044,Dovetail Arena,Dovetail Group,arena.dovetailgroup.com,dovetailgroup.com
APP-1106,PUB-0044,Dovetail Cards,Dovetail Group,cards.dovetailgroup.com,dovetailgroup.com
APP-1107,PUB-0044,Dovetail Pay,Dovetail Group,pay.dovetailgroup.com,dovetailgroup.com
APP-1108,PUB-0045,Bramble Notes,Bramble Company,notes.bramblecompany.app,bramblecompany.app
APP-1109,PUB-0045,Bramble Meet,Bramble Company,meet.bramblecompany.app,bramblecompany.app
APP-1110,PUB-0045,Bramble Plus,Bramble Company,plus.bramblecompany.app,bramblecompany.app
APP-1111,PUB-0046,Elm Tutor,Elm Solutions,tutor.elmsolutions.dev,elmsolutions.dev
APP-1112,PUB-0046,Elm Table,Elm Solutions,table.elmsolutions.dev,elmsolutions.dev
APP-1113,PUB-0046,Elm Transit,Elm Solutions,transit.elmsolutions.dev,elmsolutions.dev
APP-1114,PUB-0047,Alder Freight,Alder Digital,freight.alderdigital.net,alderdigital.net
APP-1115,PUB-0048,Solstice Wallet,Solstice Collective,wallet.solsticecollective.co,solsticecollective.co
APP-1116,PUB-0049,Kiln Shop,Kiln Networks,shop.kilnnetworks.com,kilnnetworks.com
APP-1117,PUB-0049,Kiln Plus,Kiln Networks,plus.kilnnetworks.com,kilnnetworks.com
APP-1118,PUB-0050,Fable Scan,Fable Guild,scan.fableguild.games,fableguild.games
APP-1119,PUB-0051,Lumen News,Lumen Foundry,news.lumenfoundry.games,lumenfoundry.games
APP-1120,PUB-0051,Lumen Sleep,Lumen Foundry,sleep.lumenfoundry.games,lumenfoundry.games
APP-1121,PUB-0051,Lumen Dating,Lumen Foundry,dating.lumenfoundry.games,lumenfoundry.games
APP-1122,PUB-0052,Ember Cam,Ember House,cam.emberhouse.io,emberhouse.io
APP-1123,PUB-0052,Ember Studio,Ember House,studio.emberhouse.io,emberhouse.io
APP-1124,PUB-0052,Ember Lite,Ember House,lite.emberhouse.io,emberhouse.io
APP-1125,PUB-0053,Crimson Meet,Crimson Media,meet.crimsonmedia.com,crimsonmedia.com
APP-1126,PUB-0053,Crimson Chef,Crimson Media,chef.crimsonmedia.com,crimsonmedia.com
APP-1127,PUB-0053,Crimson Puzzle,Crimson Media,puzzle.crimsonmedia.com,crimsonmedia.com
APP-1128,PUB-0053,Crimson Cam,Crimson Media,cam.crimsonmedia.com,crimsonmedia.com
APP-1129,PUB-0054,Marble Style,Marble Interactive,style.marbleinteractive.io,marbleinteractive.io
APP-1130,PUB-0054,Marble Tap,Marble Interactive,tap.marbleinteractive.io,marbleinteractive.io
APP-1131,PUB-0054,Marble Eats,Marble Interactive,eats.marbleinteractive.io,marbleinteractive.io
APP-1132,PUB-0054,Marble Daily,Marble Interactive,daily.marbleinteractive.io,marbleinteractive.io
APP-1133,PUB-0054,Marble Shop,Marble Interactive,shop.marbleinteractive.io,marbleinteractive.io
APP-1134,PUB-0055,Larkspur Stream,Larkspur Digital,stream.larkspurdigital.ai,larkspurdigital.ai
APP-1135,PUB-0055,Larkspur Fit,Larkspur Digital,fit.larkspurdigital.ai,larkspurdigital.ai
APP-1136,PUB-0056,Dune Health,Dune Company,health.dunecompany.net,dunecompany.net
APP-1137,PUB-0056,Dune Radio,Dune Company,radio.dunecompany.net,dunecompany.net
APP-1138,PUB-0057,Nova Radio,Nova Systems,radio.novasystems.games,novasystems.games
APP-1139,PUB-0058,Delta Home,Delta Group,home.deltagroup.com,deltagroup.com
APP-1140,PUB-0059,Orbit Fit,Orbit Studios,fit.orbitstudios.com,orbitstudios.com
APP-1141,PUB-0060,Lumen Keys,Lumen Holdings,keys.lumenholdings.com,lumenholdings.com
APP-1142,PUB-0060,Lumen Weather,Lumen Holdings,weather.lumenholdings.com,lumenholdings.com
APP-1143,PUB-0060,Lumen Tap,Lumen Holdings,tap.lumenholdings.com,lumenholdings.com
APP-1144,PUB-0060,Lumen News,Lumen Holdings,news.lumenholdings.com,lumenholdings.com
APP-1145,PUB-0061,Echo Coach,Echo Collective,coach.echocollective.net,echocollective.net
APP-1146,PUB-0062,Kindle Freight,Kindle Collective,freight.kindlecollective.games,kindlecollective.games
APP-1147,PUB-0063,Timber Mind,Timber Software,mind.timbersoftware.dev,timbersoftware.dev
APP-1148,PUB-0063,Timber Invest,Timber Software,invest.timbersoftware.dev,timbersoftware.dev
APP-1149,PUB-0063,Timber Cart,Timber Software,cart.timbersoftware.dev,timbersoftware.dev
APP-1150,PUB-0064,Cinder Care,Cinder Innovations,care.cinderinnovations.com,cinderinnovations.com
APP-1151,PUB-0064,Cinder Credit,Cinder Innovations,credit.cinderinnovations.com,cinderinnovations.com
APP-1152,PUB-0064,Cinder Charge,Cinder Innovations,charge.cinderinnovations.com,cinderinnovations.com
APP-1153,PUB-0065,Vellum Arena,Vellum Foundry,arena.vellumfoundry.net,vellumfoundry.net
APP-1154,PUB-0065,Vellum Go,Vellum Foundry,go.vellumfoundry.net,vellumfoundry.net
APP-1155,PUB-0065,Vellum Shop,Vellum Foundry,shop.vellumfoundry.net,vellumfoundry.net
APP-1156,PUB-0065,Vellum Clip,Vellum Foundry,clip.vellumfoundry.net,vellumfoundry.net
APP-1157,PUB-0066,Cedar Style,Cedar Networks,style.cedarnetworks.io,cedarnetworks.io
APP-1158,PUB-0066,Cedar Weather,Cedar Networks,weather.cedarnetworks.io,cedarnetworks.io
APP-1159,PUB-0066,Cedar Vault,Cedar Networks,vault.cedarnetworks.io,cedarnetworks.io
APP-1160,PUB-0066,Cedar Radio,Cedar Networks,radio.cedarnetworks.io,cedarnetworks.io
APP-1161,PUB-0067,Orbit Fit,Orbit Digital,fit.orbitdigital.dev,orbitdigital.dev
APP-1162,PUB-0067,Orbit Kids,Orbit Digital,kids.orbitdigital.dev,orbitdigital.dev
APP-1163,PUB-0067,Orbit Blitz,Orbit Digital,blitz.orbitdigital.dev,orbitdigital.dev
APP-1164,PUB-0067,Orbit Weather,Orbit Digital,weather.orbitdigital.dev,orbitdigital.dev
APP-1165,PUB-0067,Orbit Table,Orbit Digital,table.orbitdigital.dev,orbitdigital.dev
APP-1166,PUB-0068,Delta Bank,Delta Works,bank.deltaworks.com,deltaworks.com
APP-1167,PUB-0068,Delta Weather,Delta Works,weather.deltaworks.com,deltaworks.com
APP-1168,PUB-0068,Delta Eats,Delta Works,eats.deltaworks.com,deltaworks.com
APP-1169,PUB-0069,Kindle Fit,Kindle Foundry,fit.kindlefoundry.com,kindlefoundry.com
APP-1170,PUB-0069,Kindle Health,Kindle Foundry,health.kindlefoundry.com,kindlefoundry.com
APP-1171,PUB-0070,Amber Table,Amber Holdings,table.amberholdings.com,amberholdings.com
APP-1172,PUB-0070,Amber Puzzle,Amber Holdings,puzzle.amberholdings.com,amberholdings.com
APP-1173,PUB-0070,Amber Lite,Amber Holdings,lite.amberholdings.com,amberholdings.com
APP-1174,PUB-0071,Orbit Vault,Orbit Play,vault.orbitplay.com,orbitplay.com
APP-1175,PUB-0072,Drift Meet,Drift Interactive,meet.driftinteractive.com,driftinteractive.com
APP-1176,PUB-0073,Monarch Pay,Monarch Apps,pay.monarchapps.co,monarchapps.co
APP-1177,PUB-0073,Monarch Transit,Monarch Apps,transit.monarchapps.co,monarchapps.co
APP-1178,PUB-0074,Ionic Kids,Ionic Media,kids.ionicmedia.com,ionicmedia.com
APP-1179,PUB-0075,Drift Dating,Drift Dynamics,dating.driftdynamics.io,driftdynamics.io
APP-1180,PUB-0075,Drift Calm,Drift Dynamics,calm.driftdynamics.io,driftdynamics.io
APP-1181,PUB-0075,Drift Credit,Drift Dynamics,credit.driftdynamics.io,driftdynamics.io
APP-1182,PUB-0076,Quill Health,Quill Apps,health.quillapps.net,quillapps.net
APP-1183,PUB-0076,Quill Tracker,Quill Apps,tracker.quillapps.net,quillapps.net
APP-1184,PUB-0077,Lantern Kids,Lantern Media,kids.lanternmedia.com,lanternmedia.com
APP-1185,PUB-0077,Lantern Shop,Lantern Media,shop.lanternmedia.com,lanternmedia.com
APP-1186,PUB-0078,Glimmer Scan,Glimmer Studios,scan.glimmerstudios.com,glimmerstudios.com
APP-1187,PUB-0078,Glimmer Health,Glimmer Studios,health.glimmerstudios.com,glimmerstudios.com
APP-1188,PUB-0078,Glimmer Charge,Glimmer Studios,charge.glimmerstudios.com,glimmerstudios.com
APP-1189,PUB-0079,Jetty Stream,Jetty Union,stream.jettyunion.com,jettyunion.com
APP-1190,PUB-0079,Jetty Care,Jetty Union,care.jettyunion.com,jettyunion.com
APP-1191,PUB-0079,Jetty Studio,Jetty Union,studio.jettyunion.com,jettyunion.com
APP-1192,PUB-0080,Umbra Scan,Umbra Media,scan.umbramedia.co,umbramedia.co
APP-1193,PUB-0080,Umbra Radio,Umbra Media,radio.umbramedia.co,umbramedia.co
APP-1194,PUB-0080,Umbra Weather,Umbra Media,weather.umbramedia.co,umbramedia.co
APP-1195,PUB-0080,Umbra Freight,Umbra Media,freight.umbramedia.co,umbramedia.co
APP-1196,PUB-0081,Granite Daily,Granite Technologies,daily.granitetechnologies.com,granitetechnologies.com
APP-1197,PUB-0082,Jetty Calm,Jetty Solutions,calm.jettysolutions.io,jettysolutions.io
APP-1198,PUB-0083,Onyx Bank,Onyx Guild,bank.onyxguild.com,onyxguild.com
APP-1199,PUB-0083,Onyx Market,Onyx Guild,market.onyxguild.com,onyxguild.com
APP-1200,PUB-0084,Nova Cart,Nova Play,cart.novaplay.com,novaplay.com
APP-1201,PUB-0084,Nova Health,Nova Play,health.novaplay.com,novaplay.com
APP-1202,PUB-0084,Nova Saga,Nova Play,saga.novaplay.com,novaplay.com
APP-1203,PUB-0085,Beacon Sports,Beacon Software,sports.beaconsoftware.com,beaconsoftware.com
APP-1204,PUB-0085,Beacon Keys,Beacon Software,keys.beaconsoftware.com,beaconsoftware.com
APP-1205,PUB-0085,Beacon Cart,Beacon Software,cart.beaconsoftware.com,beaconsoftware.com
APP-1206,PUB-0086,Upland Table,Upland Industries,table.uplandindustries.com,uplandindustries.com
APP-1207,PUB-0086,Upland Rush,Upland Industries,rush.uplandindustries.com,uplandindustries.com
APP-1208,PUB-0086,Upland Charge,Upland Industries,charge.uplandindustries.com,uplandindustries.com
APP-1209,PUB-0087,Vesper Saga,Vesper Group,saga.vespergroup.com,vespergroup.com
APP-1210,PUB-0087,Vesper Sports,Vesper Group,sports.vespergroup.com,vespergroup.com
APP-1211,PUB-0088,Indigo Tracker,Indigo Labs,tracker.indigolabs.com,indigolabs.com
APP-1212,PUB-0089,Fable Invest,Fable Solutions,invest.fablesolutions.net,fablesolutions.net
APP-1213,PUB-0089,Fable Keys,Fable Solutions,keys.fablesolutions.net,fablesolutions.net
APP-1214,PUB-0090,Beacon Bank,Beacon Group,bank.beacongroup.com,beacongroup.com
APP-1215,PUB-0090,Beacon News,Beacon Group,news.beacongroup.com,beacongroup.com
APP-1216,PUB-0090,Beacon Weather,Beacon Group,weather.beacongroup.com,beacongroup.com
APP-1217,PUB-0091,Thistle Vault,Thistle Dynamics,vault.thistledynamics.ai,thistledynamics.ai
APP-1218,PUB-0091,Thistle Shop,Thistle Dynamics,shop.thistledynamics.ai,thistledynamics.ai
APP-1219,PUB-0092,Jubilee Maps,Jubilee Digital,maps.jubileedigital.io,jubileedigital.io
APP-1220,PUB-0092,Jubilee Style,Jubilee Digital,style.jubileedigital.io,jubileedigital.io
APP-1221,PUB-0092,Jubilee Daily,Jubilee Digital,daily.jubileedigital.io,jubileedigital.io
APP-1222,PUB-0092,Jubilee Chef,Jubilee Digital,chef.jubileedigital.io,jubileedigital.io
APP-1223,PUB-0092,Jubilee Tutor,Jubilee Digital,tutor.jubileedigital.io,jubileedigital.io
APP-1224,PUB-0092,Jubilee Saga,Jubilee Digital,saga.jubileedigital.io,jubileedigital.io
APP-1225,PUB-0093,Cedar Learn,Cedar Dynamics,learn.cedardynamics.io,cedardynamics.io
APP-1226,PUB-0093,Cedar Daily,Cedar Dynamics,daily.cedardynamics.io,cedardynamics.io
APP-1227,PUB-0094,Hinge Clip,Hinge Play,clip.hingeplay.com,hingeplay.com
APP-1228,PUB-0094,Hinge Plus,Hinge Play,plus.hingeplay.com,hingeplay.com
APP-1229,PUB-0095,Tundra Sleep,Tundra Solutions,sleep.tundrasolutions.co,tundrasolutions.co
APP-1230,PUB-0095,Tundra Cards,Tundra Solutions,cards.tundrasolutions.co,tundrasolutions.co
APP-1231,PUB-0096,Jetty Clip,Jetty Works,clip.jettyworks.com,jettyworks.com
APP-1232,PUB-0097,Rook Stream,Rook Works,stream.rookworks.com,rookworks.com
APP-1233,PUB-0097,Rook Tutor,Rook Works,tutor.rookworks.com,rookworks.com
APP-1234,PUB-0098,Rivet Scan,Rivet Innovations,scan.rivetinnovations.com,rivetinnovations.com
APP-1235,PUB-0099,Delta Rush,Delta Technologies,rush.deltatechnologies.io,deltatechnologies.io
APP-1236,PUB-0099,Delta Learn,Delta Technologies,learn.deltatechnologies.io,deltatechnologies.io
APP-1237,PUB-0100,Anchor Quest,Anchor Foundry,quest.anchorfoundry.com,anchorfoundry.com
APP-1238,PUB-0100,Anchor Keys,Anchor Foundry,keys.anchorfoundry.com,anchorfoundry.com
APP-1239,PUB-0101,Bramble Home,Bramble Media,home.bramblemedia.app,bramblemedia.app
APP-1240,PUB-0102,Orbit Mind,Orbit Collective,mind.orbitcollective.dev,orbitcollective.dev
APP-1241,PUB-0102,Orbit Sleep,Orbit Collective,sleep.orbitcollective.dev,orbitcollective.dev
APP-1242,PUB-0102,Orbit Tracker,Orbit Collective,tracker.orbitcollective.dev,orbitcollective.dev
APP-1243,PUB-0103,Thistle Go,Thistle Labs,go.thistlelabs.io,thistlelabs.io
APP-1244,PUB-0103,Thistle Chef,Thistle Labs,chef.thistlelabs.io,thistlelabs.io
APP-1245,PUB-0104,Timber Weather,Timber Atelier,weather.timberatelier.com,timberatelier.com
APP-1246,PUB-0104,Timber Puzzle,Timber Atelier,puzzle.timberatelier.com,timberatelier.com
APP-1247,PUB-0105,Pivot Weather,Pivot Networks,weather.pivotnetworks.co,pivotnetworks.co
APP-1248,PUB-0105,Pivot Stream,Pivot Networks,stream.pivotnetworks.co,pivotnetworks.co
APP-1249,PUB-0105,Pivot Keys,Pivot Networks,keys.pivotnetworks.co,pivotnetworks.co
APP-1250,PUB-0106,Jetty Home,Jetty Apps,home.jettyapps.com,jettyapps.com
APP-1251,PUB-0107,Meridian Arena,Meridian Solutions,arena.meridiansolutions.co,meridiansolutions.co
APP-1252,PUB-0107,Meridian Rush,Meridian Solutions,rush.meridiansolutions.co,meridiansolutions.co
APP-1253,PUB-0107,Meridian Maps,Meridian Solutions,maps.meridiansolutions.co,meridiansolutions.co
APP-1254,PUB-0107,Meridian Notes,Meridian Solutions,notes.meridiansolutions.co,meridiansolutions.co
APP-1255,PUB-0108,Cedar Fit,Cedar Solutions,fit.cedarsolutions.io,cedarsolutions.io
APP-1256,PUB-0108,Cedar Vault,Cedar Solutions,vault.cedarsolutions.io,cedarsolutions.io
APP-1257,PUB-0108,Cedar Stay,Cedar Solutions,stay.cedarsolutions.io,cedarsolutions.io
APP-1258,PUB-0108,Cedar Bank,Cedar Solutions,bank.cedarsolutions.io,cedarsolutions.io
APP-1259,PUB-0109,Hazel Now,Hazel Systems,now.hazelsystems.io,hazelsystems.io
APP-1260,PUB-0109,Hazel Blitz,Hazel Systems,blitz.hazelsystems.io,hazelsystems.io
APP-1261,PUB-0109,Hazel Keys,Hazel Systems,keys.hazelsystems.io,hazelsystems.io
APP-1262,PUB-0109,Hazel Go,Hazel Systems,go.hazelsystems.io,hazelsystems.io
APP-1263,PUB-0110,Vellum Cards,Vellum Studio,cards.vellumstudio.com,vellumstudio.com
APP-1264,PUB-0110,Vellum Meet,Vellum Studio,meet.vellumstudio.com,vellumstudio.com
APP-1265,PUB-0111,Kiln Quest,Kiln Studios,quest.kilnstudios.games,kilnstudios.games
APP-1266,PUB-0111,Kiln Learn,Kiln Studios,learn.kilnstudios.games,kilnstudios.games
APP-1267,PUB-0112,Rook Invest,Rook Union,invest.rookunion.co,rookunion.co
APP-1268,PUB-0112,Rook Freight,Rook Union,freight.rookunion.co,rookunion.co
APP-1269,PUB-0112,Rook News,Rook Union,news.rookunion.co,rookunion.co
APP-1270,PUB-0113,Pallas Fit,Pallas Solutions,fit.pallassolutions.dev,pallassolutions.dev
APP-1271,PUB-0114,Meridian Table,Meridian Studio,table.meridianstudio.com,meridianstudio.com
APP-1272,PUB-0114,Meridian Rush,Meridian Studio,rush.meridianstudio.com,meridianstudio.com
APP-1273,PUB-0114,Meridian Deck,Meridian Studio,deck.meridianstudio.com,meridianstudio.com
APP-1274,PUB-0115,Opal Notes,Opal Union,notes.opalunion.com,opalunion.com
APP-1275,PUB-0115,Opal Clip,Opal Union,clip.opalunion.com,opalunion.com
APP-1276,PUB-0115,Opal Stream,Opal Union,stream.opalunion.com,opalunion.com
APP-1277,PUB-0116,Mosaic Transit,Mosaic Dynamics,transit.mosaicdynamics.com,mosaicdynamics.com
APP-1278,PUB-0116,Mosaic News,Mosaic Dynamics,news.mosaicdynamics.com,mosaicdynamics.com
APP-1279,PUB-0116,Mosaic Freight,Mosaic Dynamics,freight.mosaicdynamics.com,mosaicdynamics.com
APP-1280,PUB-0116,Mosaic Cart,Mosaic Dynamics,cart.mosaicdynamics.com,mosaicdynamics.com
APP-1281,PUB-0116,Mosaic Go,Mosaic Dynamics,go.mosaicdynamics.com,mosaicdynamics.com
APP-1282,PUB-0116,Mosaic Blitz,Mosaic Dynamics,blitz.mosaicdynamics.com,mosaicdynamics.com
APP-1283,PUB-0117,Delta Dating,Delta Mobile,dating.deltamobile.com,deltamobile.com
APP-1284,PUB-0117,Delta Maps,Delta Mobile,maps.deltamobile.com,deltamobile.com
APP-1285,PUB-0118,Zephyr Tutor,Zephyr Media,tutor.zephyrmedia.io,zephyrmedia.io
APP-1286,PUB-0118,Zephyr Scan,Zephyr Media,scan.zephyrmedia.io,zephyrmedia.io
APP-1287,PUB-0118,Zephyr Transit,Zephyr Media,transit.zephyrmedia.io,zephyrmedia.io
APP-1288,PUB-0119,Umbra Kids,Umbra Mobile,kids.umbramobile.io,umbramobile.io
APP-1289,PUB-0120,Anchor Mind,Anchor Networks,mind.anchornetworks.com,anchornetworks.com
APP-1290,PUB-0120,Anchor Learn,Anchor Networks,learn.anchornetworks.com,anchornetworks.com
APP-1291,PUB-0121,Rivet Table,Rivet Apps,table.rivetapps.com,rivetapps.com
APP-1292,PUB-0122,Umbra Cards,Umbra Union,cards.umbraunion.com,umbraunion.com
APP-1293,PUB-0122,Umbra Kids,Umbra Union,kids.umbraunion.com,umbraunion.com
APP-1294,PUB-0122,Umbra News,Umbra Union,news.umbraunion.com,umbraunion.com
APP-1295,PUB-0122,Umbra Sleep,Umbra Union,sleep.umbraunion.com,umbraunion.com
APP-1296,PUB-0122,Umbra Dating,Umbra Union,dating.umbraunion.com,umbraunion.com
APP-1297,PUB-0123,Wharf Style,Wharf Apps,style.wharfapps.games,wharfapps.games
APP-1298,PUB-0123,Wharf Plus,Wharf Apps,plus.wharfapps.games,wharfapps.games
APP-1299,PUB-0124,Willow Table,Willow Atelier,table.willowatelier.io,willowatelier.io
APP-1300,PUB-0124,Willow Meet,Willow Atelier,meet.willowatelier.io,willowatelier.io
APP-1301,PUB-0125,Petrel Tracker,Petrel Studios,tracker.petrelstudios.io,petrelstudios.io
APP-1302,PUB-0125,Petrel Ride,Petrel Studios,ride.petrelstudios.io,petrelstudios.io
APP-1303,PUB-0125,Petrel Dating,Petrel Studios,dating.petrelstudios.io,petrelstudios.io
APP-1304,PUB-0125,Petrel Keys,Petrel Studios,keys.petrelstudios.io,petrelstudios.io
APP-1305,PUB-0126,Wren Parking,Wren Group,parking.wrengroup.dev,wrengroup.dev
APP-1306,PUB-0127,Glimmer Sleep,Glimmer Interactive,sleep.glimmerinteractive.ai,glimmerinteractive.ai
APP-1307,PUB-0127,Glimmer Market,Glimmer Interactive,market.glimmerinteractive.ai,glimmerinteractive.ai
APP-1308,PUB-0128,Wren Dating,Wren Ventures,dating.wrenventures.com,wrenventures.com
APP-1309,PUB-0129,Monarch Ride,Monarch Guild,ride.monarchguild.games,monarchguild.games
APP-1310,PUB-0129,Monarch Studio,Monarch Guild,studio.monarchguild.games,monarchguild.games
APP-1311,PUB-0129,Monarch Freight,Monarch Guild,freight.monarchguild.games,monarchguild.games
APP-1312,PUB-0129,Monarch Keys,Monarch Guild,keys.monarchguild.games,monarchguild.games
APP-1313,PUB-0129,Monarch Credit,Monarch Guild,credit.monarchguild.games,monarchguild.games
APP-1314,PUB-0130,Willow Go,Willow Industries,go.willowindustries.com,willowindustries.com
APP-1315,PUB-0130,Willow Vault,Willow Industries,vault.willowindustries.com,willowindustries.com
APP-1316,PUB-0130,Willow Bank,Willow Industries,bank.willowindustries.com,willowindustries.com
APP-1317,PUB-0130,Willow Studio,Willow Industries,studio.willowindustries.com,willowindustries.com
APP-1318,PUB-0130,Willow Charge,Willow Industries,charge.willowindustries.com,willowindustries.com
APP-1319,PUB-0130,Willow Blitz,Willow Industries,blitz.willowindustries.com,willowindustries.com
APP-1320,PUB-0131,Elm News,Elm Technologies,news.elmtechnologies.com,elmtechnologies.com
APP-1321,PUB-0131,Elm Stream,Elm Technologies,stream.elmtechnologies.com,elmtechnologies.com
APP-1322,PUB-0131,Elm Tutor,Elm Technologies,tutor.elmtechnologies.com,elmtechnologies.com
APP-1323,PUB-0132,Ferrous Care,Ferrous Play,care.ferrousplay.io,ferrousplay.io
APP-1324,PUB-0132,Ferrous Radio,Ferrous Play,radio.ferrousplay.io,ferrousplay.io
APP-1325,PUB-0132,Ferrous Puzzle,Ferrous Play,puzzle.ferrousplay.io,ferrousplay.io
APP-1326,PUB-0132,Ferrous Freight,Ferrous Play,freight.ferrousplay.io,ferrousplay.io
APP-1327,PUB-0133,Amber Studio,Amber Apps,studio.amberapps.net,amberapps.net
APP-1328,PUB-0133,Amber Now,Amber Apps,now.amberapps.net,amberapps.net
APP-1329,PUB-0133,Amber Mind,Amber Apps,mind.amberapps.net,amberapps.net
APP-1330,PUB-0133,Amber Plus,Amber Apps,plus.amberapps.net,amberapps.net
APP-1331,PUB-0134,Thistle Freight,Thistle Interactive,freight.thistleinteractive.io,thistleinteractive.io
APP-1332,PUB-0134,Thistle Maps,Thistle Interactive,maps.thistleinteractive.io,thistleinteractive.io
APP-1333,PUB-0135,Lantern Ride,Lantern Group,ride.lanterngroup.com,lanterngroup.com
APP-1334,PUB-0136,Fable Freight,Fable Collective,freight.fablecollective.io,fablecollective.io
APP-1335,PUB-0137,Northwind Lite,Northwind Union,lite.northwindunion.com,northwindunion.com
APP-1336,PUB-0137,Northwind Stream,Northwind Union,stream.northwindunion.com,northwindunion.com
APP-1337,PUB-0137,Northwind Calm,Northwind Union,calm.northwindunion.com,northwindunion.com
APP-1338,PUB-0138,Vesper Invest,Vesper Apps,invest.vesperapps.com,vesperapps.com
APP-1339,PUB-0138,Vesper Tutor,Vesper Apps,tutor.vesperapps.com,vesperapps.com
APP-1340,PUB-0138,Vesper Pro,Vesper Apps,pro.vesperapps.com,vesperapps.com
APP-1341,PUB-0138,Vesper Transit,Vesper Apps,transit.vesperapps.com,vesperapps.com
APP-1342,PUB-0139,Ionic Blitz,Ionic Holdings,blitz.ionicholdings.app,ionicholdings.app
APP-1343,PUB-0139,Ionic Credit,Ionic Holdings,credit.ionicholdings.app,ionicholdings.app
APP-1344,PUB-0140,Dune Cam,Dune Mobile,cam.dunemobile.com,dunemobile.com
APP-1345,PUB-0140,Dune Bank,Dune Mobile,bank.dunemobile.com,dunemobile.com
APP-1346,PUB-0140,Dune Pulse,Dune Mobile,pulse.dunemobile.com,dunemobile.com
APP-1347,PUB-0141,Monarch Pulse,Monarch Atelier,pulse.monarchatelier.io,monarchatelier.io
APP-1348,PUB-0141,Monarch Pro,Monarch Atelier,pro.monarchatelier.io,monarchatelier.io
APP-1349,PUB-0141,Monarch Home,Monarch Atelier,home.monarchatelier.io,monarchatelier.io
APP-1350,PUB-0142,Hollow Style,Hollow Digital,style.hollowdigital.co,hollowdigital.co
APP-1351,PUB-0142,Hollow Pay,Hollow Digital,pay.hollowdigital.co,hollowdigital.co
APP-1352,PUB-0142,Hollow Tracker,Hollow Digital,tracker.hollowdigital.co,hollowdigital.co
APP-1353,PUB-0142,Hollow Weather,Hollow Digital,weather.hollowdigital.co,hollowdigital.co
APP-1354,PUB-0142,Hollow Clip,Hollow Digital,clip.hollowdigital.co,hollowdigital.co
APP-1355,PUB-0143,Lyre Scan,Lyre Ventures,scan.lyreventures.io,lyreventures.io
APP-1356,PUB-0144,Bramble Eats,Bramble Interactive,eats.brambleinteractive.com,brambleinteractive.com
APP-1357,PUB-0144,Bramble Now,Bramble Interactive,now.brambleinteractive.com,brambleinteractive.com
APP-1358,PUB-0145,Flint Credit,Flint Mobile,credit.flintmobile.io,flintmobile.io
APP-1359,PUB-0145,Flint Freight,Flint Mobile,freight.flintmobile.io,flintmobile.io
APP-1360,PUB-0146,Bramble Saga,Bramble Holdings,saga.brambleholdings.com,brambleholdings.com
APP-1361,PUB-0146,Bramble Learn,Bramble Holdings,learn.brambleholdings.com,brambleholdings.com
APP-1362,PUB-0146,Bramble Weather,Bramble Holdings,weather.brambleholdings.com,brambleholdings.com
APP-1363,PUB-0147,Slate Home,Slate Atelier,home.slateatelier.io,slateatelier.io
APP-1364,PUB-0147,Slate Cards,Slate Atelier,cards.slateatelier.io,slateatelier.io
APP-1365,PUB-0148,Monarch Notes,Monarch Applications,notes.monarchapplications.net,monarchapplications.net
APP-1366,PUB-0148,Monarch Clip,Monarch Applications,clip.monarchapplications.net,monarchapplications.net
APP-1367,PUB-0148,Monarch Rush,Monarch Applications,rush.monarchapplications.net,monarchapplications.net
APP-1368,PUB-0148,Monarch Cart,Monarch Applications,cart.monarchapplications.net,monarchapplications.net
APP-1369,PUB-0149,Quartz Table,Quartz Mobile,table.quartzmobile.com,quartzmobile.com
APP-1370,PUB-0149,Quartz Maps,Quartz Mobile,maps.quartzmobile.com,quartzmobile.com
APP-1371,PUB-0149,Quartz Coach,Quartz Mobile,coach.quartzmobile.com,quartzmobile.com
APP-1372,PUB-0150,Zephyr Style,Zephyr Collective,style.zephyrcollective.app,zephyrcollective.app
APP-1373,PUB-0150,Zephyr News,Zephyr Collective,news.zephyrcollective.app,zephyrcollective.app
APP-1374,PUB-0150,Zephyr Stay,Zephyr Collective,stay.zephyrcollective.app,zephyrcollective.app
APP-1375,PUB-0150,Zephyr Tap,Zephyr Collective,tap.zephyrcollective.app,zephyrcollective.app
APP-1376,PUB-0151,Xenon Daily,Xenon Technologies,daily.xenontechnologies.io,xenontechnologies.io
APP-1377,PUB-0151,Xenon Quest,Xenon Technologies,quest.xenontechnologies.io,xenontechnologies.io
APP-1378,PUB-0152,Wren Clip,Wren Apps,clip.wrenapps.net,wrenapps.net
APP-1379,PUB-0153,Granite Ride,Granite Foundry,ride.granitefoundry.ai,granitefoundry.ai
APP-1380,PUB-0153,Granite Tutor,Granite Foundry,tutor.granitefoundry.ai,granitefoundry.ai
APP-1381,PUB-0153,Granite Transit,Granite Foundry,transit.granitefoundry.ai,granitefoundry.ai
APP-1382,PUB-0154,Amber Calm,Amber Foundry,calm.amberfoundry.net,amberfoundry.net
APP-1383,PUB-0154,Amber Health,Amber Foundry,health.amberfoundry.net,amberfoundry.net
APP-1384,PUB-0155,Ivory Health,Ivory Applications,health.ivoryapplications.com,ivoryapplications.com
APP-1385,PUB-0155,Ivory Ride,Ivory Applications,ride.ivoryapplications.com,ivoryapplications.com
APP-1386,PUB-0155,Ivory Calm,Ivory Applications,calm.ivoryapplications.com,ivoryapplications.com
APP-1387,PUB-0155,Ivory Puzzle,Ivory Applications,puzzle.ivoryapplications.com,ivoryapplications.com
APP-1388,PUB-0156,Harbor Daily,Harbor Dynamics,daily.harbordynamics.com,harbordynamics.com
APP-1389,PUB-0156,Harbor News,Harbor Dynamics,news.harbordynamics.com,harbordynamics.com
APP-1390,PUB-0156,Harbor Keys,Harbor Dynamics,keys.harbordynamics.com,harbordynamics.com
APP-1391,PUB-0156,Harbor Credit,Harbor Dynamics,credit.harbordynamics.com,harbordynamics.com
APP-1392,PUB-0157,Echo Maps,Echo Group,maps.echogroup.app,echogroup.app
APP-1393,PUB-0157,Echo Puzzle,Echo Group,puzzle.echogroup.app,echogroup.app
APP-1394,PUB-0158,Willow Home,Willow Media,home.willowmedia.io,willowmedia.io
APP-1395,PUB-0159,Basalt Vault,Basalt Media,vault.basaltmedia.com,basaltmedia.com
APP-1396,PUB-0159,Basalt Radio,Basalt Media,radio.basaltmedia.com,basaltmedia.com
APP-1397,PUB-0160,Upland Tap,Upland Play,tap.uplandplay.com,uplandplay.com
APP-1398,PUB-0160,Upland Kids,Upland Play,kids.uplandplay.com,uplandplay.com
APP-1399,PUB-0161,Ferrous Tutor,Ferrous House,tutor.ferroushouse.com,ferroushouse.com
APP-1400,PUB-0161,Ferrous Cards,Ferrous House,cards.ferroushouse.com,ferroushouse.com
APP-1401,PUB-0161,Ferrous Studio,Ferrous House,studio.ferroushouse.com,ferroushouse.com
APP-1402,PUB-0162,Mosaic Keys,Mosaic Solutions,keys.mosaicsolutions.com,mosaicsolutions.com
APP-1403,PUB-0162,Mosaic Scan,Mosaic Solutions,scan.mosaicsolutions.com,mosaicsolutions.com
APP-1404,PUB-0163,Crimson Now,Crimson Industries,now.crimsonindustries.app,crimsonindustries.app
APP-1405,PUB-0163,Crimson Pro,Crimson Industries,pro.crimsonindustries.app,crimsonindustries.app
APP-1406,PUB-0164,Quarry Daily,Quarry Atelier,daily.quarryatelier.com,quarryatelier.com
APP-1407,PUB-0164,Quarry Kids,Quarry Atelier,kids.quarryatelier.com,quarryatelier.com
APP-1408,PUB-0165,Ivory Table,Ivory Digital,table.ivorydigital.co,ivorydigital.co
APP-1409,PUB-0165,Ivory Pay,Ivory Digital,pay.ivorydigital.co,ivorydigital.co
APP-1410,PUB-0165,Ivory Saga,Ivory Digital,saga.ivorydigital.co,ivorydigital.co
APP-1411,PUB-0166,Nomad Arena,Nomad Guild,arena.nomadguild.co,nomadguild.co
APP-1412,PUB-0166,Nomad Blitz,Nomad Guild,blitz.nomadguild.co,nomadguild.co
APP-1413,PUB-0167,Onyx Stream,Onyx Networks,stream.onyxnetworks.games,onyxnetworks.games
APP-1414,PUB-0167,Onyx Vault,Onyx Networks,vault.onyxnetworks.games,onyxnetworks.games
APP-1415,PUB-0167,Onyx Plus,Onyx Networks,plus.onyxnetworks.games,onyxnetworks.games
APP-1416,PUB-0168,Pallas Table,Pallas Studio,table.pallasstudio.com,pallasstudio.com
APP-1417,PUB-0168,Pallas Blitz,Pallas Studio,blitz.pallasstudio.com,pallasstudio.com
APP-1418,PUB-0169,Sundial Arena,Sundial Company,arena.sundialcompany.games,sundialcompany.games
APP-1419,PUB-0169,Sundial Studio,Sundial Company,studio.sundialcompany.games,sundialcompany.games
APP-1420,PUB-0170,Dune Credit,Dune Union,credit.duneunion.com,duneunion.com
APP-1421,PUB-0171,Indigo Ride,Indigo Partners,ride.indigopartners.dev,indigopartners.dev
APP-1422,PUB-0171,Indigo News,Indigo Partners,news.indigopartners.dev,indigopartners.dev
APP-1423,PUB-0172,Cinder Arena,Cinder Dynamics,arena.cinderdynamics.com,cinderdynamics.com
APP-1424,PUB-0172,Cinder Charge,Cinder Dynamics,charge.cinderdynamics.com,cinderdynamics.com
APP-1425,PUB-0173,Solstice Tracker,Solstice Ventures,tracker.solsticeventures.io,solsticeventures.io
APP-1426,PUB-0173,Solstice Tap,Solstice Ventures,tap.solsticeventures.io,solsticeventures.io
APP-1427,PUB-0173,Solstice Vault,Solstice Ventures,vault.solsticeventures.io,solsticeventures.io
APP-1428,PUB-0174,Indigo Bank,Indigo Systems,bank.indigosystems.com,indigosystems.com
APP-1429,PUB-0174,Indigo Chef,Indigo Systems,chef.indigosystems.com,indigosystems.com
APP-1430,PUB-0175,Northwind Weather,Northwind Ventures,weather.northwindventures.com,northwindventures.com
APP-1431,PUB-0176,Lumen Arena,Lumen Solutions,arena.lumensolutions.com,lumensolutions.com
APP-1432,PUB-0176,Lumen Plus,Lumen Solutions,plus.lumensolutions.com,lumensolutions.com
APP-1433,PUB-0176,Lumen Pulse,Lumen Solutions,pulse.lumensolutions.com,lumensolutions.com
APP-1434,PUB-0177,Fable Go,Fable Studio,go.fablestudio.com,fablestudio.com
APP-1435,PUB-0177,Fable Charge,Fable Studio,charge.fablestudio.com,fablestudio.com
APP-1436,PUB-0178,Yonder Shop,Yonder Media,shop.yondermedia.com,yondermedia.com
APP-1437,PUB-0178,Yonder Vault,Yonder Media,vault.yondermedia.com,yondermedia.com
APP-1438,PUB-0179,Quarry Scan,Quarry Foundry,scan.quarryfoundry.net,quarryfoundry.net
APP-1439,PUB-0180,Flint Pro,Flint House,pro.flinthouse.com,flinthouse.com
APP-1440,PUB-0180,Flint Maps,Flint House,maps.flinthouse.com,flinthouse.com
APP-1441,PUB-0180,Flint Daily,Flint House,daily.flinthouse.com,flinthouse.com
APP-1442,PUB-0181,Everest Shop,Everest Systems,shop.everestsystems.com,everestsystems.com
APP-1443,PUB-0181,Everest Calm,Everest Systems,calm.everestsystems.com,everestsystems.com
APP-1444,PUB-0182,Lyre Home,Lyre Labs,home.lyrelabs.net,lyrelabs.net
APP-1445,PUB-0182,Lyre Tap,Lyre Labs,tap.lyrelabs.net,lyrelabs.net
APP-1446,PUB-0182,Lyre Tracker,Lyre Labs,tracker.lyrelabs.net,lyrelabs.net
APP-1447,PUB-0183,Copper Invest,Copper Labs,invest.copperlabs.com,copperlabs.com
APP-1448,PUB-0183,Copper Rush,Copper Labs,rush.copperlabs.com,copperlabs.com
APP-1449,PUB-0184,Larkspur Sleep,Larkspur Networks,sleep.larkspurnetworks.com,larkspurnetworks.com
APP-1450,PUB-0184,Larkspur Quest,Larkspur Networks,quest.larkspurnetworks.com,larkspurnetworks.com
APP-1451,PUB-0184,Larkspur Health,Larkspur Networks,health.larkspurnetworks.com,larkspurnetworks.com
APP-1452,PUB-0185,Flint Go,Flint Foundry,go.flintfoundry.co,flintfoundry.co
APP-1453,PUB-0185,Flint Kids,Flint Foundry,kids.flintfoundry.co,flintfoundry.co
APP-1454,PUB-0186,Rivet Mind,Rivet Systems,mind.rivetsystems.com,rivetsystems.com
APP-1455,PUB-0186,Rivet Clip,Rivet Systems,clip.rivetsystems.com,rivetsystems.com
APP-1456,PUB-0187,Hollow Go,Hollow Partners,go.hollowpartners.co,hollowpartners.co
APP-1457,PUB-0187,Hollow Now,Hollow Partners,now.hollowpartners.co,hollowpartners.co
APP-1458,PUB-0188,Orbit Eats,Orbit Systems,eats.orbitsystems.com,orbitsystems.com
APP-1459,PUB-0188,Orbit Invest,Orbit Systems,invest.orbitsystems.com,orbitsystems.com
APP-1460,PUB-0188,Orbit Lite,Orbit Systems,lite.orbitsystems.com,orbitsystems.com
APP-1461,PUB-0189,Hazel Style,Hazel Solutions,style.hazelsolutions.io,hazelsolutions.io
APP-1462,PUB-0189,Hazel Health,Hazel Solutions,health.hazelsolutions.io,hazelsolutions.io
APP-1463,PUB-0189,Hazel Weather,Hazel Solutions,weather.hazelsolutions.io,hazelsolutions.io
APP-1464,PUB-0190,Quarry Puzzle,Quarry Studios,puzzle.quarrystudios.com,quarrystudios.com
APP-1465,PUB-0190,Quarry Cart,Quarry Studios,cart.quarrystudios.com,quarrystudios.com
APP-1466,PUB-0190,Quarry Ride,Quarry Studios,ride.quarrystudios.com,quarrystudios.com
APP-1467,PUB-0191,Rook Table,Rook Ventures,table.rookventures.com,rookventures.com
APP-1468,PUB-0192,Hazel Freight,Hazel Company,freight.hazelcompany.io,hazelcompany.io
APP-1469,PUB-0192,Hazel Quest,Hazel Company,quest.hazelcompany.io,hazelcompany.io
APP-1470,PUB-0192,Hazel Sleep,Hazel Company,sleep.hazelcompany.io,hazelcompany.io
APP-1471,PUB-0193,Zinc Tutor,Zinc Atelier,tutor.zincatelier.ai,zincatelier.ai
APP-1472,PUB-0194,Obsidian Vault,Obsidian Guild,vault.obsidianguild.com,obsidianguild.com
APP-1473,PUB-0194,Obsidian Pay,Obsidian Guild,pay.obsidianguild.com,obsidianguild.com
APP-1474,PUB-0194,Obsidian Home,Obsidian Guild,home.obsidianguild.com,obsidianguild.com
APP-1475,PUB-0194,Obsidian Lite,Obsidian Guild,lite.obsidianguild.com,obsidianguild.com
APP-1476,PUB-0195,Wren Studio,Wren Labs,studio.wrenlabs.co,wrenlabs.co
APP-1477,PUB-0195,Wren Pulse,Wren Labs,pulse.wrenlabs.co,wrenlabs.co
APP-1478,PUB-0196,Xenon Care,Xenon Play,care.xenonplay.com,xenonplay.com
APP-1479,PUB-0196,Xenon Mind,Xenon Play,mind.xenonplay.com,xenonplay.com
APP-1480,PUB-0196,Xenon Home,Xenon Play,home.xenonplay.com,xenonplay.com
APP-1481,PUB-0196,Xenon Meet,Xenon Play,meet.xenonplay.com,xenonplay.com
APP-1482,PUB-0196,Xenon Tap,Xenon Play,tap.xenonplay.com,xenonplay.com
APP-1483,PUB-0196,Xenon Pro,Xenon Play,pro.xenonplay.com,xenonplay.com
APP-1484,PUB-0197,Hinge Shop,Hinge Group,shop.hingegroup.com,hingegroup.com
APP-1485,PUB-0197,Hinge Go,Hinge Group,go.hingegroup.com,hingegroup.com
APP-1486,PUB-0198,Timber Health,Timber Apps,health.timberapps.ai,timberapps.ai
APP-1487,PUB-0199,Ember Ride,Ember Solutions,ride.embersolutions.app,embersolutions.app
APP-1488,PUB-0199,Ember Weather,Ember Solutions,weather.embersolutions.app,embersolutions.app
APP-1489,PUB-0200,Quarry Lite,Quarry Group,lite.quarrygroup.io,quarrygroup.io
APP-1490,PUB-0200,Quarry Learn,Quarry Group,learn.quarrygroup.io,quarrygroup.io
APP-1491,PUB-0200,Quarry Parking,Quarry Group,parking.quarrygroup.io,quarrygroup.io
APP-1492,PUB-0200,Quarry Meet,Quarry Group,meet.quarrygroup.io,quarrygroup.io
APP-1493,PUB-0200,Quarry Market,Quarry Group,market.quarrygroup.io,quarrygroup.io
APP-1494,PUB-0200,Quarry Deck,Quarry Group,deck.quarrygroup.io,quarrygroup.io
APP-1495,PUB-0201,Crimson Kids,Crimson Innovations,kids.crimsoninnovations.games,crimsoninnovations.games
APP-1496,PUB-0202,Kettle Eats,Kettle Media,eats.kettlemedia.com,kettlemedia.com
APP-1497,PUB-0202,Kettle Tap,Kettle Media,tap.kettlemedia.com,kettlemedia.com
APP-1498,PUB-0202,Kettle Radio,Kettle Media,radio.kettlemedia.com,kettlemedia.com
APP-1499,PUB-0202,Kettle Notes,Kettle Media,notes.kettlemedia.com,kettlemedia.com
APP-1500,PUB-0202,Kettle Pulse,Kettle Media,pulse.kettlemedia.com,kettlemedia.com
APP-1501,PUB-0203,Beacon Studio,Beacon Ventures,studio.beaconventures.dev,beaconventures.dev
APP-1502,PUB-0203,Beacon Stream,Beacon Ventures,stream.beaconventures.dev,beaconventures.dev
APP-1503,PUB-0203,Beacon Rush,Beacon Ventures,rush.beaconventures.dev,beaconventures.dev
APP-1504,PUB-0203,Beacon Radio,Beacon Ventures,radio.beaconventures.dev,beaconventures.dev
APP-1505,PUB-0204,Ivory Pay,Ivory Industries,pay.ivoryindustries.dev,ivoryindustries.dev
APP-1506,PUB-0205,Bramble Lite,Bramble Industries,lite.brambleindustries.com,brambleindustries.com
APP-1507,PUB-0205,Bramble Chef,Bramble Industries,chef.brambleindustries.com,brambleindustries.com
APP-1508,PUB-0206,Kiln Dating,Kiln Innovations,dating.kilninnovations.com,kilninnovations.com
APP-1509,PUB-0207,Quill Weather,Quill Play,weather.quillplay.io,quillplay.io
APP-1510,PUB-0207,Quill Go,Quill Play,go.quillplay.io,quillplay.io
APP-1511,PUB-0207,Quill News,Quill Play,news.quillplay.io,quillplay.io
APP-1512,PUB-0207,Quill Credit,Quill Play,credit.quillplay.io,quillplay.io
APP-1513,PUB-0207,Quill Care,Quill Play,care.quillplay.io,quillplay.io
APP-1514,PUB-0207,Quill Pay,Quill Play,pay.quillplay.io,quillplay.io
APP-1515,PUB-0208,Hazel Tap,Hazel Guild,tap.hazelguild.com,hazelguild.com
APP-1516,PUB-0208,Hazel Fit,Hazel Guild,fit.hazelguild.com,hazelguild.com
APP-1517,PUB-0209,Ember Shop,Ember Ventures,shop.emberventures.games,emberventures.games
APP-1518,PUB-0209,Ember Mind,Ember Ventures,mind.emberventures.games,emberventures.games
APP-1519,PUB-0210,Kiln Weather,Kiln Union,weather.kilnunion.app,kilnunion.app
APP-1520,PUB-0210,Kiln Learn,Kiln Union,learn.kilnunion.app,kilnunion.app
APP-1521,PUB-0211,Orbit Scan,Orbit Dynamics,scan.orbitdynamics.com,orbitdynamics.com
APP-1522,PUB-0211,Orbit Cards,Orbit Dynamics,cards.orbitdynamics.com,orbitdynamics.com
APP-1523,PUB-0211,Orbit Cam,Orbit Dynamics,cam.orbitdynamics.com,orbitdynamics.com
APP-1524,PUB-0211,Orbit Pulse,Orbit Dynamics,pulse.orbitdynamics.com,orbitdynamics.com
APP-1525,PUB-0212,Jasper Plus,Jasper Innovations,plus.jasperinnovations.io,jasperinnovations.io
APP-1526,PUB-0213,Sundial Chef,Sundial Collective,chef.sundialcollective.ai,sundialcollective.ai
APP-1527,PUB-0213,Sundial Charge,Sundial Collective,charge.sundialcollective.ai,sundialcollective.ai
APP-1528,PUB-0214,Petrel Daily,Petrel Apps,daily.petrelapps.dev,petrelapps.dev
APP-1529,PUB-0215,Yonder Deck,Yonder Group,deck.yondergroup.co,yondergroup.co
APP-1530,PUB-0216,Kindle Freight,Kindle Guild,freight.kindleguild.com,kindleguild.com
APP-1531,PUB-0216,Kindle Meet,Kindle Guild,meet.kindleguild.com,kindleguild.com
APP-1532,PUB-0217,Nomad Scan,Nomad House,scan.nomadhouse.com,nomadhouse.com
APP-1533,PUB-0217,Nomad Dating,Nomad House,dating.nomadhouse.com,nomadhouse.com
APP-1534,PUB-0218,Jasper Plus,Jasper Networks,plus.jaspernetworks.co,jaspernetworks.co
APP-1535,PUB-0218,Jasper Invest,Jasper Networks,invest.jaspernetworks.co,jaspernetworks.co
APP-1536,PUB-0218,Jasper Home,Jasper Networks,home.jaspernetworks.co,jaspernetworks.co
APP-1537,PUB-0219,Iris Credit,Iris Holdings,credit.irisholdings.com,irisholdings.com
APP-1538,PUB-0219,Iris Wallet,Iris Holdings,wallet.irisholdings.com,irisholdings.com
APP-1539,PUB-0220,Lyre Sleep,Lyre Dynamics,sleep.lyredynamics.com,lyredynamics.com
APP-1540,PUB-0221,Willow Care,Willow Union,care.willowunion.co,willowunion.co
APP-1541,PUB-0221,Willow Now,Willow Union,now.willowunion.co,willowunion.co
APP-1542,PUB-0221,Willow Learn,Willow Union,learn.willowunion.co,willowunion.co
APP-1543,PUB-0222,Glimmer Now,Glimmer Systems,now.glimmersystems.net,glimmersystems.net
APP-1544,PUB-0223,Larkspur Lite,Larkspur Union,lite.larkspurunion.dev,larkspurunion.dev
APP-1545,PUB-0223,Larkspur Sports,Larkspur Union,sports.larkspurunion.dev,larkspurunion.dev
APP-1546,PUB-0224,Yonder Scan,Yonder Atelier,scan.yonderatelier.dev,yonderatelier.dev
APP-1547,PUB-0224,Yonder Vault,Yonder Atelier,vault.yonderatelier.dev,yonderatelier.dev
APP-1548,PUB-0225,Ionic Scan,Ionic Networks,scan.ionicnetworks.com,ionicnetworks.com
APP-1549,PUB-0225,Ionic Weather,Ionic Networks,weather.ionicnetworks.com,ionicnetworks.com
APP-1550,PUB-0226,Sundial Parking,Sundial Union,parking.sundialunion.com,sundialunion.com
APP-1551,PUB-0226,Sundial News,Sundial Union,news.sundialunion.com,sundialunion.com
APP-1552,PUB-0227,Meridian Clip,Meridian Works,clip.meridianworks.com,meridianworks.com
APP-1553,PUB-0227,Meridian Pulse,Meridian Works,pulse.meridianworks.com,meridianworks.com
APP-1554,PUB-0228,Onyx Parking,Onyx House,parking.onyxhouse.co,onyxhouse.co
APP-1555,PUB-0228,Onyx Transit,Onyx House,transit.onyxhouse.co,onyxhouse.co
APP-1556,PUB-0228,Onyx Wallet,Onyx House,wallet.onyxhouse.co,onyxhouse.co
APP-1557,PUB-0229,Nova Eats,Nova Collective,eats.novacollective.io,novacollective.io
APP-1558,PUB-0229,Nova Chef,Nova Collective,chef.novacollective.io,novacollective.io
APP-1559,PUB-0230,Indigo Health,Indigo Mobile,health.indigomobile.ai,indigomobile.ai
APP-1560,PUB-0230,Indigo Eats,Indigo Mobile,eats.indigomobile.ai,indigomobile.ai
APP-1561,PUB-0231,Sundial Plus,Sundial Systems,plus.sundialsystems.co,sundialsystems.co
APP-1562,PUB-0231,Sundial Tap,Sundial Systems,tap.sundialsystems.co,sundialsystems.co
APP-1563,PUB-0232,Hinge Chef,Hinge Works,chef.hingeworks.io,hingeworks.io
APP-1564,PUB-0232,Hinge Parking,Hinge Works,parking.hingeworks.io,hingeworks.io
APP-1565,PUB-0233,Meridian Go,Meridian Guild,go.meridianguild.com,meridianguild.com
APP-1566,PUB-0234,Loam Style,Loam Company,style.loamcompany.co,loamcompany.co
APP-1567,PUB-0234,Loam Blitz,Loam Company,blitz.loamcompany.co,loamcompany.co
APP-1568,PUB-0235,Ridge Vault,Ridge Atelier,vault.ridgeatelier.ai,ridgeatelier.ai
APP-1569,PUB-0235,Ridge Health,Ridge Atelier,health.ridgeatelier.ai,ridgeatelier.ai
APP-1570,PUB-0235,Ridge Credit,Ridge Atelier,credit.ridgeatelier.ai,ridgeatelier.ai
APP-1571,PUB-0236,Kappa Puzzle,Kappa Apps,puzzle.kappaapps.app,kappaapps.app
APP-1572,PUB-0236,Kappa Fit,Kappa Apps,fit.kappaapps.app,kappaapps.app
APP-1573,PUB-0236,Kappa Go,Kappa Apps,go.kappaapps.app,kappaapps.app
APP-1574,PUB-0237,Wharf Puzzle,Wharf Play,puzzle.wharfplay.com,wharfplay.com
APP-1575,PUB-0238,Verdant Cards,Verdant House,cards.verdanthouse.com,verdanthouse.com
APP-1576,PUB-0238,Verdant Weather,Verdant House,weather.verdanthouse.com,verdanthouse.com
APP-1577,PUB-0238,Verdant Transit,Verdant House,transit.verdanthouse.com,verdanthouse.com
APP-1578,PUB-0238,Verdant Eats,Verdant House,eats.verdanthouse.com,verdanthouse.com
APP-1579,PUB-0238,Verdant Charge,Verdant House,charge.verdanthouse.com,verdanthouse.com
APP-1580,PUB-0239,Lyre Maps,Lyre Studios,maps.lyrestudios.ai,lyrestudios.ai
APP-1581,PUB-0239,Lyre Parking,Lyre Studios,parking.lyrestudios.ai,lyrestudios.ai
APP-1582,PUB-0239,Lyre Notes,Lyre Studios,notes.lyrestudios.ai,lyrestudios.ai
APP-1583,PUB-0239,Lyre Now,Lyre Studios,now.lyrestudios.ai,lyrestudios.ai
APP-1584,PUB-0239,Lyre Coach,Lyre Studios,coach.lyrestudios.ai,lyrestudios.ai
APP-1585,PUB-0240,Wharf Saga,Wharf Studio,saga.wharfstudio.co,wharfstudio.co
APP-1586,PUB-0241,Kettle Tracker,Kettle Industries,tracker.kettleindustries.dev,kettleindustries.dev
APP-1587,PUB-0241,Kettle Charge,Kettle Industries,charge.kettleindustries.dev,kettleindustries.dev
APP-1588,PUB-0242,Kettle Deck,Kettle Holdings,deck.kettleholdings.com,kettleholdings.com
APP-1589,PUB-0242,Kettle Arena,Kettle Holdings,arena.kettleholdings.com,kettleholdings.com
APP-1590,PUB-0243,Dune Tutor,Dune Labs,tutor.dunelabs.com,dunelabs.com
APP-1591,PUB-0243,Dune Weather,Dune Labs,weather.dunelabs.com,dunelabs.com
APP-1592,PUB-0243,Dune Stay,Dune Labs,stay.dunelabs.com,dunelabs.com
APP-1593,PUB-0243,Dune Cart,Dune Labs,cart.dunelabs.com,dunelabs.com
APP-1594,PUB-0243,Dune Quest,Dune Labs,quest.dunelabs.com,dunelabs.com
APP-1595,PUB-0243,Dune Calm,Dune Labs,calm.dunelabs.com,dunelabs.com
APP-1596,PUB-0244,Orbit Coach,Orbit House,coach.orbithouse.io,orbithouse.io
APP-1597,PUB-0244,Orbit Blitz,Orbit House,blitz.orbithouse.io,orbithouse.io
APP-1598,PUB-0245,Drift Lite,Drift Company,lite.driftcompany.io,driftcompany.io
APP-1599,PUB-0245,Drift Chef,Drift Company,chef.driftcompany.io,driftcompany.io
APP-1600,PUB-0245,Drift Learn,Drift Company,learn.driftcompany.io,driftcompany.io
APP-1601,PUB-0246,Yarrow Table,Yarrow Company,table.yarrowcompany.com,yarrowcompany.com
APP-1602,PUB-0247,Onyx Puzzle,Onyx Partners,puzzle.onyxpartners.com,onyxpartners.com
APP-1603,PUB-0248,Dune Blitz,Dune Apps,blitz.duneapps.co,duneapps.co
APP-1604,PUB-0249,Cedar Ride,Cedar Technologies,ride.cedartechnologies.com,cedartechnologies.com
APP-1605,PUB-0250,Ridge Pro,Ridge Company,pro.ridgecompany.com,ridgecompany.com
APP-1606,PUB-0251,Kappa Studio,Kappa Foundry,studio.kappafoundry.app,kappafoundry.app
APP-1607,PUB-0252,Rivet Go,Rivet Studio,go.rivetstudio.co,rivetstudio.co
APP-1608,PUB-0252,Rivet Style,Rivet Studio,style.rivetstudio.co,rivetstudio.co
APP-1609,PUB-0253,Prairie Sports,Prairie Dynamics,sports.prairiedynamics.com,prairiedynamics.com
APP-1610,PUB-0253,Prairie Wallet,Prairie Dynamics,wallet.prairiedynamics.com,prairiedynamics.com
APP-1611,PUB-0254,Sundial Health,Sundial Solutions,health.sundialsolutions.com,sundialsolutions.com
APP-1612,PUB-0254,Sundial Rush,Sundial Solutions,rush.sundialsolutions.com,sundialsolutions.com
APP-1613,PUB-0254,Sundial Home,Sundial Solutions,home.sundialsolutions.com,sundialsolutions.com
APP-1614,PUB-0255,Opal Bank,Opal Holdings,bank.opalholdings.app,opalholdings.app
APP-1615,PUB-0255,Opal Weather,Opal Holdings,weather.opalholdings.app,opalholdings.app
APP-1616,PUB-0256,Meridian Invest,Meridian Group,invest.meridiangroup.com,meridiangroup.com
APP-1617,PUB-0256,Meridian Market,Meridian Group,market.meridiangroup.com,meridiangroup.com
APP-1618,PUB-0256,Meridian Health,Meridian Group,health.meridiangroup.com,meridiangroup.com
APP-1619,PUB-0256,Meridian Kids,Meridian Group,kids.meridiangroup.com,meridiangroup.com
APP-1620,PUB-0256,Meridian Radio,Meridian Group,radio.meridiangroup.com,meridiangroup.com
APP-1621,PUB-0257,Jubilee Health,Jubilee Mobile,health.jubileemobile.com,jubileemobile.com
APP-1622,PUB-0257,Jubilee Quest,Jubilee Mobile,quest.jubileemobile.com,jubileemobile.com
APP-1623,PUB-0257,Jubilee Coach,Jubilee Mobile,coach.jubileemobile.com,jubileemobile.com
APP-1624,PUB-0258,Kiln Transit,Kiln Labs,transit.kilnlabs.com,kilnlabs.com
APP-1625,PUB-0258,Kiln Rush,Kiln Labs,rush.kilnlabs.com,kilnlabs.com
APP-1626,PUB-0258,Kiln Lite,Kiln Labs,lite.kilnlabs.com,kilnlabs.com
APP-1627,PUB-0259,Lantern Eats,Lantern Partners,eats.lanternpartners.io,lanternpartners.io
APP-1628,PUB-0259,Lantern Pulse,Lantern Partners,pulse.lanternpartners.io,lanternpartners.io
APP-1629,PUB-0260,Nova Cart,Nova House,cart.novahouse.com,novahouse.com
APP-1630,PUB-0260,Nova Go,Nova House,go.novahouse.com,novahouse.com
APP-1631,PUB-0261,Ivory Stay,Ivory Studio,stay.ivorystudio.co,ivorystudio.co
APP-1632,PUB-0261,Ivory Pay,Ivory Studio,pay.ivorystudio.co,ivorystudio.co
APP-1633,PUB-0261,Ivory Market,Ivory Studio,market.ivorystudio.co,ivorystudio.co
APP-1634,PUB-0261,Ivory Kids,Ivory Studio,kids.ivorystudio.co,ivorystudio.co
APP-1635,PUB-0261,Ivory Dating,Ivory Studio,dating.ivorystudio.co,ivorystudio.co
APP-1636,PUB-0262,Zephyr Mind,Zephyr Guild,mind.zephyrguild.app,zephyrguild.app
APP-1637,PUB-0262,Zephyr Clip,Zephyr Guild,clip.zephyrguild.app,zephyrguild.app
APP-1638,PUB-0262,Zephyr Transit,Zephyr Guild,transit.zephyrguild.app,zephyrguild.app
APP-1639,PUB-0262,Zephyr Quest,Zephyr Guild,quest.zephyrguild.app,zephyrguild.app
APP-1640,PUB-0263,Rivet Style,Rivet Applications,style.rivetapplications.com,rivetapplications.com
APP-1641,PUB-0263,Rivet Pulse,Rivet Applications,pulse.rivetapplications.com,rivetapplications.com
APP-1642,PUB-0264,Iris Table,Iris Solutions,table.irissolutions.co,irissolutions.co
APP-1643,PUB-0265,Onyx Stay,Onyx Union,stay.onyxunion.co,onyxunion.co
APP-1644,PUB-0265,Onyx Sleep,Onyx Union,sleep.onyxunion.co,onyxunion.co
APP-1645,PUB-0266,Obsidian Pro,Obsidian Software,pro.obsidiansoftware.ai,obsidiansoftware.ai
APP-1646,PUB-0266,Obsidian Cam,Obsidian Software,cam.obsidiansoftware.ai,obsidiansoftware.ai
APP-1647,PUB-0267,Thistle Pro,Thistle Foundry,pro.thistlefoundry.com,thistlefoundry.com
APP-1648,PUB-0267,Thistle Parking,Thistle Foundry,parking.thistlefoundry.com,thistlefoundry.com
APP-1649,PUB-0267,Thistle Now,Thistle Foundry,now.thistlefoundry.com,thistlefoundry.com
APP-1650,PUB-0268,Ridge Shop,Ridge Union,shop.ridgeunion.com,ridgeunion.com
APP-1651,PUB-0268,Ridge Style,Ridge Union,style.ridgeunion.com,ridgeunion.com
APP-1652,PUB-0268,Ridge Transit,Ridge Union,transit.ridgeunion.com,ridgeunion.com
APP-1653,PUB-0268,Ridge Eats,Ridge Union,eats.ridgeunion.com,ridgeunion.com
APP-1654,PUB-0268,Ridge Tracker,Ridge Union,tracker.ridgeunion.com,ridgeunion.com
APP-1655,PUB-0269,Obsidian Arena,Obsidian Play,arena.obsidianplay.games,obsidianplay.games
APP-1656,PUB-0270,Opal Mind,Opal Digital,mind.opaldigital.com,opaldigital.com
APP-1657,PUB-0270,Opal Daily,Opal Digital,daily.opaldigital.com,opaldigital.com
APP-1658,PUB-0270,Opal Maps,Opal Digital,maps.opaldigital.com,opaldigital.com
APP-1659,PUB-0271,Iris Pay,Iris Technologies,pay.iristechnologies.games,iristechnologies.games
APP-1660,PUB-0271,Iris Saga,Iris Technologies,saga.iristechnologies.games,iristechnologies.games
APP-1661,PUB-0271,Iris Stay,Iris Technologies,stay.iristechnologies.games,iristechnologies.games
APP-1662,PUB-0271,Iris Scan,Iris Technologies,scan.iristechnologies.games,iristechnologies.games
APP-1663,PUB-0271,Iris Calm,Iris Technologies,calm.iristechnologies.games,iristechnologies.games
APP-1664,PUB-0271,Iris Radio,Iris Technologies,radio.iristechnologies.games,iristechnologies.games
APP-1665,PUB-0272,Jasper Wallet,Jasper Media,wallet.jaspermedia.com,jaspermedia.com
APP-1666,PUB-0272,Jasper Go,Jasper Media,go.jaspermedia.com,jaspermedia.com
APP-1667,PUB-0273,Ferrous Quest,Ferrous Guild,quest.ferrousguild.com,ferrousguild.com
APP-1668,PUB-0274,Vesper Care,Vesper Union,care.vesperunion.co,vesperunion.co
APP-1669,PUB-0275,Fathom Studio,Fathom Collective,studio.fathomcollective.games,fathomcollective.games
APP-1670,PUB-0275,Fathom Invest,Fathom Collective,invest.fathomcollective.games,fathomcollective.games
APP-1671,PUB-0276,Kindle Maps,Kindle Partners,maps.kindlepartners.com,kindlepartners.com
APP-1672,PUB-0276,Kindle Studio,Kindle Partners,studio.kindlepartners.com,kindlepartners.com
APP-1673,PUB-0277,Xenon Puzzle,Xenon Ventures,puzzle.xenonventures.net,xenonventures.net
APP-1674,PUB-0278,Ferrous Market,Ferrous Networks,market.ferrousnetworks.co,ferrousnetworks.co
APP-1675,PUB-0279,Mosaic Dating,Mosaic Labs,dating.mosaiclabs.com,mosaiclabs.com
APP-1676,PUB-0279,Mosaic Deck,Mosaic Labs,deck.mosaiclabs.com,mosaiclabs.com
APP-1677,PUB-0280,Aurora Parking,Aurora Labs,parking.auroralabs.com,auroralabs.com
APP-1678,PUB-0280,Aurora Weather,Aurora Labs,weather.auroralabs.com,auroralabs.com
APP-1679,PUB-0281,Nova Deck,Nova Union,deck.novaunion.co,novaunion.co
APP-1680,PUB-0281,Nova Radio,Nova Union,radio.novaunion.co,novaunion.co
APP-1681,PUB-0282,Marble Scan,Marble Systems,scan.marblesystems.com,marblesystems.com
APP-1682,PUB-0282,Marble Rush,Marble Systems,rush.marblesystems.com,marblesystems.com
APP-1683,PUB-0282,Marble Meet,Marble Systems,meet.marblesystems.com,marblesystems.com
APP-1684,PUB-0282,Marble Parking,Marble Systems,parking.marblesystems.com,marblesystems.com
APP-1685,PUB-0283,Gossamer Calm,Gossamer Union,calm.gossamerunion.io,gossamerunion.io
APP-1686,PUB-0283,Gossamer Clip,Gossamer Union,clip.gossamerunion.io,gossamerunion.io
APP-1687,PUB-0284,Kiln Cart,Kiln Apps,cart.kilnapps.com,kilnapps.com
APP-1688,PUB-0284,Kiln Credit,Kiln Apps,credit.kilnapps.com,kilnapps.com
APP-1689,PUB-0284,Kiln Scan,Kiln Apps,scan.kilnapps.com,kilnapps.com
APP-1690,PUB-0285,Yonder Invest,Yonder Industries,invest.yonderindustries.io,yonderindustries.io
APP-1691,PUB-0285,Yonder Style,Yonder Industries,style.yonderindustries.io,yonderindustries.io
APP-1692,PUB-0285,Yonder Chef,Yonder Industries,chef.yonderindustries.io,yonderindustries.io
APP-1693,PUB-0285,Yonder Cards,Yonder Industries,cards.yonderindustries.io,yonderindustries.io
APP-1694,PUB-0285,Yonder Rush,Yonder Industries,rush.yonderindustries.io,yonderindustries.io
APP-1695,PUB-0286,Vesper Table,Vesper Atelier,table.vesperatelier.com,vesperatelier.com
APP-1696,PUB-0286,Vesper Keys,Vesper Atelier,keys.vesperatelier.com,vesperatelier.com
APP-1697,PUB-0287,Ivory Plus,Ivory Foundry,plus.ivoryfoundry.com,ivoryfoundry.com
APP-1698,PUB-0288,Harbor Lite,Harbor Union,lite.harborunion.co,harborunion.co
APP-1699,PUB-0288,Harbor Deck,Harbor Union,deck.harborunion.co,harborunion.co
APP-1700,PUB-0288,Harbor Stay,Harbor Union,stay.harborunion.co,harborunion.co
APP-1701,PUB-0289,Yonder Daily,Yonder Foundry,daily.yonderfoundry.com,yonderfoundry.com
APP-1702,PUB-0289,Yonder Radio,Yonder Foundry,radio.yonderfoundry.com,yonderfoundry.com
APP-1703,PUB-0290,Gossamer Radio,Gossamer Atelier,radio.gossameratelier.com,gossameratelier.com
APP-1704,PUB-0291,Cedar Parking,Cedar Partners,parking.cedarpartners.com,cedarpartners.com
APP-1705,PUB-0292,Nova Stream,Nova Media,stream.novamedia.com,novamedia.com
APP-1706,PUB-0292,Nova Credit,Nova Media,credit.novamedia.com,novamedia.com
APP-1707,PUB-0292,Nova Transit,Nova Media,transit.novamedia.com,novamedia.com
APP-1708,PUB-0292,Nova Fit,Nova Media,fit.novamedia.com,novamedia.com
APP-1709,PUB-0293,Jubilee Cam,Jubilee Industries,cam.jubileeindustries.io,jubileeindustries.io
APP-1710,PUB-0294,Fable Notes,Fable Software,notes.fablesoftware.games,fablesoftware.games
APP-1711,PUB-0294,Fable Tap,Fable Software,tap.fablesoftware.games,fablesoftware.games
APP-1712,PUB-0295,Yonder Weather,Yonder Technologies,weather.yondertechnologies.ai,yondertechnologies.ai
APP-1713,PUB-0295,Yonder Care,Yonder Technologies,care.yondertechnologies.ai,yondertechnologies.ai
APP-1714,PUB-0295,Yonder Style,Yonder Technologies,style.yondertechnologies.ai,yondertechnologies.ai
APP-1715,PUB-0295,Yonder Freight,Yonder Technologies,freight.yondertechnologies.ai,yondertechnologies.ai
APP-1716,PUB-0295,Yonder Saga,Yonder Technologies,saga.yondertechnologies.ai,yondertechnologies.ai
APP-1717,PUB-0296,Quartz Arena,Quartz Union,arena.quartzunion.co,quartzunion.co
APP-1718,PUB-0296,Quartz Freight,Quartz Union,freight.quartzunion.co,quartzunion.co
APP-1719,PUB-0296,Quartz Charge,Quartz Union,charge.quartzunion.co,quartzunion.co
APP-1720,PUB-0296,Quartz Pay,Quartz Union,pay.quartzunion.co,quartzunion.co
APP-1721,PUB-0297,Jetty Eats,Jetty Ventures,eats.jettyventures.com,jettyventures.com
APP-1722,PUB-0297,Jetty Studio,Jetty Ventures,studio.jettyventures.com,jettyventures.com
APP-1723,PUB-0297,Jetty Tap,Jetty Ventures,tap.jettyventures.com,jettyventures.com
APP-1724,PUB-0297,Jetty Health,Jetty Ventures,health.jettyventures.com,jettyventures.com
APP-1725,PUB-0297,Jetty Stay,Jetty Ventures,stay.jettyventures.com,jettyventures.com
APP-1726,PUB-0298,Ionic Pulse,Ionic Foundry,pulse.ionicfoundry.co,ionicfoundry.co
APP-1727,PUB-0298,Ionic Eats,Ionic Foundry,eats.ionicfoundry.co,ionicfoundry.co
APP-1728,PUB-0298,Ionic Tap,Ionic Foundry,tap.ionicfoundry.co,ionicfoundry.co
APP-1729,PUB-0298,Ionic Bank,Ionic Foundry,bank.ionicfoundry.co,ionicfoundry.co
APP-1730,PUB-0298,Ionic Invest,Ionic Foundry,invest.ionicfoundry.co,ionicfoundry.co
APP-1731,PUB-0298,Ionic Rush,Ionic Foundry,rush.ionicfoundry.co,ionicfoundry.co
APP-1732,PUB-0299,Hazel Eats,Hazel Union,eats.hazelunion.net,hazelunion.net
APP-1733,PUB-0299,Hazel Transit,Hazel Union,transit.hazelunion.net,hazelunion.net
APP-1734,PUB-0300,Sundial Go,Sundial Apps,go.sundialapps.io,sundialapps.io
