crm_id,account_name,website,type,active_arr,last_activity_date,territory,account_owner
001MFB3ROP60SWQAAO,Loam Company,loamcompany.co,Prospect,0,2026-07-23,EMEA,Camila Haddad
001A5LRTNUVTVA3AAO,Meridian Group,https://meridiangroup.com?utm_source=crm,Prospect,0,2026-09-04,EMEA,Anders Costa
001DJF6M1LEL2RKAAO,Tundra Solutions Inc,tundrasolutions.co/,Prospect,0,2026-05-14,EMEA,Viktor Costa
001P6DF8D7CCKBUAAO,Bramble Media,www.bramblemedia.app,Partner,0,2025-10-23,APAC,Zara Takahashi
001OIQH8BWKWJ5VAAO,Nova Media,  novamedia.com  ,Prospect,0,2026-06-23,EMEA,Anders Costa
0011HSS5BN1C0ZNAAO,Bramble Interactive,brambleinteractive.com,Partner,0,2026-02-19,LATAM,Dara Nandakumar
00180CA51BGSW5TAAO,Elm Technologies,  elmtechnologies.com  ,Customer,98000,2026-02-04,EMEA,Anders Costa
001P3TVER54SBU8AAO,Vantage Point Media,vantagepointmedia.com/br,Prospect,0,2025-11-08,LATAM,Dara Nandakumar
001SRBZ8I88RJ51AAO,Bramble Holdings,https://brambleholdings.com,Prospect,0,2026-07-27,EMEA,Anders Costa
001PVMKVI42GL9PAAO,Nettle Mobile,nettlemobile.com,Prospect,0,2026-03-24,US,Tobias Diallo
0011XA1ZHPF4ZXYAAO,Larkspur Networks,https://www.larkspurnetworks.com/,Prospect,0,2026-03-14,EMEA,Viktor Costa
001F9VWIAYAWAGEAAO,Iris Technologies,https://www.iristechnologies.games/,Customer,59000,2025-09-19,EMEA,Viktor Costa
001X0ZI3UH25MZXAAO,Kiln Innovations,HTTP://KILNINNOVATIONS.COM,Prospect,0,2026-06-08,EMEA,Viktor Costa
001N9X7AJFVYHSNAAO,Lumen Holdings,lumenholdings.com/br,Prospect,0,2025-12-25,LATAM,Dara Nandakumar
001U0PAVT5UP5T8AAO,Kettle Industries GmbH,kettleindustries.dev/,Prospect,0,2026-06-29,EMEA,Camila Haddad
001UOJF37BMV0Y9AAO,Quill Apps Ltd,quillapps.net/,Prospect,0,2026-05-24,US,Tobias Diallo
001K079WUDQ5SG3AAO,Solstice Collective,www.solsticecollective.co,Prospect,0,2025-10-16,LATAM,Dara Nandakumar
001U4OXI88BU4ZXAAO,Sundial Systems,https://sundial-systems.co,Partner,0,2025-10-14,APAC,Zara Takahashi
001OKX7YM3QKDO3AAO,Willow Media,willowmedia.io,Prospect,0,2026-03-16,LATAM,Dara Nandakumar
00190225GQOIVI6AAO,Fathom Technologies,fathomtechnologies.ai/br,Customer,647000,2025-12-15,EMEA,Anders Costa
001BD7FNDN1LLQRAAO,Xenon Ventures,https://xenonventures.net,Customer,87000,2025-12-09,LATAM,Dara Nandakumar
001JLVTJ3FCU5XLAAO,Hinge Play,https://hingeplay.com,Prospect,0,2026-02-21,EMEA,Camila Haddad
0018CRIULMWNSYVAAO,Solstice Ventures,solsticeventures.io,Prospect,0,2026-05-11,LATAM,Dara Nandakumar
001Y57INZYORO49AAO,Glimmer Studios,glimmerstudios.com,Customer,741000,2025-10-14,US,Rin Villalobos
001FUE0S20K93Z8AAO,Petrel Studios LLC,petrelstudios.io/,Customer,0,2026-03-18,EMEA,Viktor Costa
001XPC9CCJMQA6NAAO,Sundial Company,www.sundialcompany.games/about-us,Prospect,0,2026-04-03,EMEA,Anders Costa
001Q83EEPDB2XEAAAO,Dune Company,https://dunecompany.net?utm_source=crm,Prospect,0,2025-07-25,US,Tobias Diallo
001IZ67UTEZ4GE3AAO,Hazel Dynamics,  hazeldynamics.com  ,Prospect,0,2025-11-04,EMEA,Anders Costa
001BC2075PV5DFBAAO,Hinge Group,www.hingegroup.com,Partner,0,2026-01-20,APAC,Priya Okonkwo
001JEO0JTFNE4LCAAO,Rivet Applications,rivetapplications.com/,Customer,556000,2026-03-09,APAC,Priya Okonkwo
001YOZBBWL5B23TAAO,Ember House,emberhouse.io,Prospect,0,2025-11-25,APAC,Priya Okonkwo
001MUIXIBIDKE4HAAO,Sundial Atelier,https://sundialatelier.example,Prospect,0,2025-07-25,US,Rin Villalobos
0010T33UX3JPGU3AAO,Drift Solutions,https://driftsolutions.example,Prospect,0,2025-07-09,LATAM,Dara Nandakumar
0010K7BTO4RMUXBAAO,Opal Holdings,https://www.opalholdings.app/,Customer,17000,2026-05-04,APAC,Priya Okonkwo
001K29BS3CSFSJGAAO,Bramble Company,  bramblecompany.app  ,Customer,43000,2026-05-07,APAC,Priya Okonkwo
0015Z7R9085WPTNAAO,Hazel Solutions,https://hazelso-lutions.io,Prospect,0,2025-09-10,LATAM,Dara Nandakumar
001EJ1718W1LCJ8AAO,Xenon Play Holdings,https://xenonplayholdings.com,Prospect,0,2026-02-01,LATAM,Dara Nandakumar
0013D3ODH2RTOGCAAO,Flint Mobile,  flintmobile.io  ,Prospect,0,2026-04-29,LATAM,
00147G1XW9UAHSUAAO,Monarch Atelier,https://www.monarchatelier.io/,Churned,0,2026-05-05,US,Rin Villalobos
001XGUFVHIRME8WAAO,Vesper Apps,www.vesperapps.com,Prospect,0,2025-08-08,US,Zara Okonkwo
001RDB67EZOOV3VAAO,Pallas Studio,pallasstudio.com,Prospect,0,2026-03-22,LATAM,Dara Nandakumar
0014UZ9QMC1CTL2AAO,Nimbus Interactive,https://www.nimbusint.com/,Prospect,0,2026-02-12,US,Tobias Diallo
001T93OE2IWMPMDAAO,Lantern Media,https://lanternmedia.com?utm_source=crm,Prospect,0,2026-08-24,LATAM,Dara Nandakumar
0016SCDIJZF9FYIAAO,Flint House,flinthouse.com,Prospect,0,2026-01-24,EMEA,Camila Haddad
001TOJEYF2PEVAWAAO,Ionic Foundry,https://www.ionicfoundry.co/,Prospect,0,2026-01-23,LATAM,Dara Nandakumar
0015IQ6UWN217YHAAO,Brightfin Holdings,https://brightfinholdings.com,Customer,408000,2026-05-01,US,Zara Okonkwo
001GO7WKBT8EDK3AAO,Yonder Group,https://www.yondergroup.co/,Customer,160000,2026-01-05,EMEA,Anders Costa
0016CKB1FB4T8NNAAO,Jetty Union,https://www.jettyunion.com/,Churned,0,2025-12-06,APAC,Zara Takahashi
001PEDL2KU6ZYA4AAO,Slate Atelier,https://slateatelier.io?utm_source=crm,Churned,0,2026-08-25,EMEA,Camila Haddad
001FXCP973LMVOFAAO,Nova Collective,www.novacollective.io,Prospect,0,2025-09-02,EMEA,Camila Haddad
0015G19TTKSD9NSAAO,Timber Apps,www.timberapps.ai/about-us,Prospect,0,2025-10-17,APAC,Priya Okonkwo
001ELYUGV1YCUADAAO,Upland Dynamics,uplanddynamics.io/br,Prospect,0,2026-03-20,EMEA,Camila Haddad
001C3RH8FZK2G68AAO,Verdant Networks,https://verdantnetworks.example,Prospect,0,2026-05-13,LATAM,Dara Nandakumar
001W35VSQWJAA43AAO,Timber Atelier,https://www.timberatelier.com/,Prospect,0,2026-05-09,LATAM,Dara Nandakumar
001A47O0HHIM7RHAAO,Lantern Group Holdings,https://lanterngroupholdings.com,Partner,0,2025-11-05,LATAM,Dara Nandakumar
0013P9IE1RF032XAAO,Northwind Ventures,northwindventures.com,Prospect,0,2025-08-10,APAC,Zara Takahashi
001CLZEBI4E2HMIAAO,Harbor Dynamics,harbordynamics.com,Customer,50000,2026-04-07,LATAM,Dara Nandakumar
0011IRPOBHXHIO0AAO,Wharf Play,https://wharfplay.com?utm_source=crm,Prospect,0,2026-05-27,EMEA,Anders Costa
001MJR6L0F81DN0AAO,Quarry Atelier LLC,quarryatelier.com/,Partner,0,2026-06-06,EMEA,Camila Haddad
001AENBH4V4BTYFAAO,Petrel Apps,www.petrelapps.dev,Prospect,0,2025-08-27,APAC,Zara Takahashi
001EFNOHVZMX80LAAO,Vesper Union,vesperunion.co,Prospect,0,2026-02-18,US,Tobias Diallo
001HOXAX4IQ7VBFAAO,Larkspur Collective Holdings,https://larkspurcollectiveholdings.com,Prospect,0,2025-12-05,US,Tobias Diallo
001D8AX22QXMI53AAO,Delta Mobile,https://deltamobile.com,Churned,0,2026-07-26,EMEA,Viktor Costa
001P6UMIXL4C3XQAAO,Yonder Atelier,www.yonderatelier.dev/about-us,Churned,0,2026-08-08,EMEA,Viktor Costa
00198DVYCQE23VOAAO,Meridian Solutions,https://meridiansolutions.co?utm_source=crm,Prospect,0,2026-01-21,APAC,Priya Okonkwo
001GI5FSRINJJ3YAAO,Upland Play,uplandplay.com/br,Prospect,0,2026-03-29,APAC,Zara Takahashi
001QO43RAW3P8F0AAO,Crimson Innovations,  crimsoninnovations.games  ,Prospect,0,2026-02-01,APAC,Zara Takahashi
001SA8N10OA7MRIAAO,Lyre Applications,https://www.lyreapplications.com/,Customer,176000,2026-05-17,EMEA,Camila Haddad
001XS7M1U84EYIGAAO,Ferrous Networks,,Prospect,0,2025-12-01,APAC,Zara Takahashi
001ES8YMQC4WX8PAAO,Gossamer Atelier,  gossameratelier.com  ,Prospect,0,2026-08-02,US,Tobias Diallo
001C542R6WBD785AAO,Crimson Media,www.crimsonmedia.com,Customer,436000,2026-02-13,EMEA,Camila Haddad
001N39UC1W70KE0AAO,Nova Ventures,https://novaventures.example,Prospect,0,2025-10-01,EMEA,Camila Haddad
001WCMMGEPNU1MSAAO,Kiln Networks Holdings,https://kilnnetworksholdings.com,Prospect,0,2026-04-20,LATAM,Dara Nandakumar
00120KYA5BVXWTNAAO,Drift Interactive,https://www.driftinteractive.com/,Prospect,0,2025-09-23,EMEA,Anders Costa
001YPE6J07BMK2BAAO,Jubilee Mobile,HTTP://JUBILEEMOBILE.COM,Prospect,0,2025-10-03,EMEA,Camila Haddad
001Z8N46PKNSH3BAAO,Petrel Ventures,petrelventures.com,Prospect,0,2026-07-24,US,Rin Villalobos
001RTIYHXCFEQBYAAO,Wren Apps,wrenapps.net,Prospect,0,2025-12-07,EMEA,Viktor Costa
001Y1VRQ8Q52GVTAAO,Ferrous Guild,ferrousguild.com/br,Prospect,0,2026-03-06,APAC,Priya Okonkwo
001D0917WNRMQIDAAO,Amber Apps Holdings,https://amberappsholdings.com,Prospect,0,2025-11-19,LATAM,Dara Nandakumar
001NR9SZXIBZHNEAAO,Ridge Atelier,HTTP://RIDGEATELIER.AI,Prospect,0,2026-02-24,APAC,Priya Okonkwo
001ED36PY7EZ7Z9AAO,Larkspur Union,https://www.larkspurunion.dev/,Partner,0,2026-06-18,US,Tobias Diallo
001LXMFTEW8CVGPAAO,Hollow Industries,https://hollowindustries.example,Prospect,0,2026-08-14,LATAM,Dara Nandakumar
001FA505LFP75ZUAAO,Harbor Union,www.harborunion.co,Customer,35000,2025-09-25,LATAM,Dara Nandakumar
001XEFNOZBP3VRTAAO,Ionic Media,https://www.ionicmedia.com/,Customer,898000,2026-06-13,US,Tobias Diallo
001U2WA21BVZJ7QAAO,Rivet Studio,https://rivetstudio.co,Churned,0,2026-08-07,LATAM,Dara Nandakumar
001LX98DIN16XFCAAO,Glimmer Interactive,glimmerinteractive.ai,Customer,62000,2026-03-19,LATAM,Dara Nandakumar
001ZOYR3WVCLQ3LAAO,Jasper Media,https://jaspermedia.com,Partner,0,2025-08-27,APAC,Priya Okonkwo
001JDY52U895OMAAAO,Delta Group,deltagroup.com,Prospect,0,2026-05-09,US,Rin Villalobos
001MF76TE7L13P6AAO,Orbit Play,https://orbitplay.com,Churned,0,2025-09-14,US,Zara Okonkwo
001TX0SCN99MDUDAAO,Onyx Play,https://onyxplay.example,Prospect,0,2026-08-14,EMEA,Viktor Costa
001ILSTZ8FC5IOKAAO,Ionic Holdings,ionicholdings.app,Prospect,0,2026-01-17,LATAM,Dara Nandakumar
001XIIRGXDHYJDLAAO,Zephyr Collective,https://www.zephyrcollective.app/,Prospect,0,2026-01-03,LATAM,Dara Nandakumar
001WIERJOIDU3S6AAO,Delta Technologies,deltatechnologies.io,Prospect,0,2026-01-11,LATAM,Dara Nandakumar
0010JOV6HJYBXM0AAO,Jubilee Digital,jubileedigital.io,Prospect,0,2026-06-17,APAC,Zara Takahashi
0018J5GPZJPQ0CJAAO,Hinge Solutions,hingesolutions.com/,Prospect,0,2026-02-23,LATAM,Dara Nandakumar
001OKY0VYWFPQMDAAO,Drift Dynamics,http://driftdynamics.io,Prospect,0,2025-08-30,US,Zara Okonkwo
001UR9LX8PF2RFAAAO,Orbit Collective,  orbitcollective.dev  ,Prospect,0,2026-05-26,US,Tobias Diallo
0012TUBN2Q2DJPNAAO,Onyx House,  onyxhouse.co  ,Churned,0,2025-08-19,US,Tobias Diallo
0015IXPQMCYF07QAAO,Indigo Systems Holdings,https://indigosystemsholdings.com,Customer,38000,2026-07-10,EMEA,Viktor Costa
001I6OH4QZL5G8DAAO,Indigo Mobile,https://indigomobile.ai?utm_source=crm,Churned,0,2025-09-20,EMEA,Anders Costa
001Q3ARDNQ0ZX6YAAO,Aurora Labs,HTTP://AURORALABS.COM,Prospect,0,2026-01-29,US,Tobias Diallo
0013LP8JIC8787TAAO,Marble Interactive,www.marbleinteractive.io,Prospect,0,2025-11-02,EMEA,Anders Costa
001OIS0XIL0FJH0AAO,Onyx Networks,onyxnetworks.games,Prospect,0,2026-05-03,APAC,Priya Okonkwo
001TAB9SFR7MJFMAAO,Dune Mobile Holdings,https://dunemobileholdings.com,Prospect,0,2025-11-12,EMEA,Anders Costa
0019NZ3HK1B796JAAO,Sable and Co,N/A,Churned,0,2026-06-05,APAC,Zara Takahashi
001WJ6FSSJLOYPFAAO,Kettle Media,kettlemedia.com,Prospect,0,2026-09-12,LATAM,Dara Nandakumar
001P6TSSYGIM4RMAAO,Sundial Apps,sundialapps.io,Customer,596000,2026-04-26,EMEA,Viktor Costa
001XSNGFNK3BZ2GAAO,Willow Atelier,https://willowatelier.io,Customer,786000,2026-02-21,EMEA,Camila Haddad
001VQ6RH116O3NSAAO,Mosaic Solutions,https://www.mosaicsolutions.com/,Prospect,0,2026-03-20,EMEA,Anders Costa
001EBGX15BP04PEAAO,Wharf Apps,https://www.wharfapps.games/,Prospect,0,2026-01-03,US,
001Q1XYHHQ2EQFWAAO,Iris Holdings,https://www.irisholdings.com/,Prospect,0,2025-09-16,EMEA,Viktor Costa
001CL2K40RLE16NAAO,Thistle Dynamics,thistledynamics.ai,Prospect,0,2025-12-19,APAC,Priya Okonkwo
0013K6AZQQHSDNGAAO,Kettle Industries,www.kettleindustries.dev/about-us,Prospect,0,2025-09-25,APAC,Priya Okonkwo
001Y55CSW6PRNROAAO,Lumen Solutions,  lumensolutions.com  ,Partner,0,2026-02-19,APAC,Priya Okonkwo
001HKJUHV0RQ04AAAO,Jetty Solutions,https://jettysolutions.io?utm_source=crm,Customer,78000,2026-01-17,US,Zara Okonkwo
00157D9JXK49JCGAAO,Nomad House,https://www.nomadhouse.com/,Customer,705000,2025-08-13,US,Tobias Diallo
001ZBKS37BZ753ZAAO,Vesper Group,https://vespergroup.com,Prospect,0,2025-11-27,LATAM,Dara Nandakumar
00109NLYWAF4U2MAAO,Pallas Solutions,,Prospect,0,2026-07-08,LATAM,Dara Nandakumar
001GQBSWNF802RLAAO,Sundial Union,https://sundialunion.com,Churned,0,2025-11-17,US,Zara Okonkwo
001K8K2NSEQH9TCAAO,Quarry Foundry,quarryfoundry.net,Prospect,0,2025-09-03,EMEA,Viktor Costa
001CMEKOUJQLU06AAO,Hollow Digital,hollowdigital.co,Prospect,0,2025-11-27,APAC,Priya Okonkwo
0016YDQ2HQTGMWRAAO,Lyre Studios,https://www.lyrestudios.ai/,Prospect,0,2025-07-24,LATAM,Dara Nandakumar
0011HBUUM5H9SNIAAO,Cedar Dynamics,https://www.cedardynamics.io/,Prospect,0,2025-10-19,APAC,Zara Takahashi
001XW8Z8XWZ6JKOAAO,Cinder Dynamics,cinderdynamics.com/br,Prospect,0,2026-06-27,LATAM,Dara Nandakumar
001HPMUBT22A1V8AAO,Umbra Media,umbramedia.co/br,Churned,0,2026-04-03,APAC,Priya Okonkwo
0018ZP7Q9M1O1DGAAO,Quartz Union,quartzunion.co,Prospect,0,2026-02-18,LATAM,Dara Nandakumar
001LETDX8JTYWHHAAO,Cedar Solutions,http://cedarsolutions.io,Prospect,0,2026-01-09,US,Zara Okonkwo
001EL8PYUR1A776AAO,Pivot Networks,pivotnetworks.co,Prospect,0,2026-01-30,LATAM,Dara Nandakumar
001XF9SFDZFLIXGAAO,Amber Apps Holdings (duplicate),amberappsholdings.com/,Prospect,0,2026-06-05,US,Rin Villalobos
001E6OSHKKV2I5YAAO,Glimmer Systems,glimmersystems.net,Prospect,0,2026-08-19,APAC,Zara Takahashi
0010HKGAL0F9Y1YAAO,Zephyr Guild,zephyrguild.app,Prospect,0,2026-03-03,EMEA,Viktor Costa
0019QA4TZS37K8UAAO,Ionic Networks,ionicnetworks.com,Prospect,0,2025-07-22,LATAM,Dara Nandakumar
0012FFHC37HX5C4AAO,Jetty Ventures (duplicate),n/,Prospect,0,2026-07-29,US,Rin Villalobos
001J5LEQA1QRN4HAAO,Rook Ventures,  rookventures.com  ,Prospect,0,2026-01-01,LATAM,
001DSLHEHDT9R5BAAO,Jetty Ventures,N/A,Prospect,0,2025-08-21,LATAM,Dara Nandakumar
0013OCDORS4WB9RAAO,Cedar Networks,https://www.cedarnetworks.io/,Prospect,0,2026-07-19,US,Tobias Diallo
001U5UH244T71P7AAO,Yonder Works,yonderworks.games,Customer,115000,2026-04-18,APAC,
001Y2HA7EEX91ZGAAO,Iris Innovations,irisinnovations.app,Prospect,0,2026-02-26,LATAM,Dara Nandakumar
001VQHX28MW11HBAAO,Hazel Systems,https://hazelsystems.io,Churned,0,2025-11-21,EMEA,Viktor Costa
001NIMJVH8GEOXNAAO,Juniper Works,,Prospect,0,2026-06-14,LATAM,Dara Nandakumar
001NRACRSXD1RA8AAO,Kappa Union,https://www.kappaunion.io/,Prospect,0,2026-04-09,LATAM,Dara Nandakumar
00182F2S24BMI2QAAO,Bramble Labs,www.bramblelabs.com,Prospect,0,2026-04-20,LATAM,Dara Nandakumar
00157MKO7FH5E2KAAO,Vellum Foundry,  vellumfoundry.net  ,Customer,42000,2025-08-02,APAC,Priya Okonkwo
001T0264A6N4IPMAAO,Ember Studios,www.emberstudios.co,Churned,0,2026-02-18,APAC,Zara Takahashi
0018QEG119PFIZVAAO,Opal Union,https://opalunion.com,Prospect,0,2025-08-03,EMEA,
001KOK7X1QQQEOKAAO,Ivory Digital,https://ivorydigital.co,Prospect,0,2026-04-14,LATAM,Dara Nandakumar
001N850OH53MJNYAAO,Quill Apps,www.quillapps.net,Prospect,0,2026-08-20,LATAM,Dara Nandakumar
001A9VN5I4RAJ7YAAO,Orbit House,  orbithouse.io  ,Partner,0,2026-02-01,EMEA,Viktor Costa
0012V6KGA03KD8BAAO,Nova Union,  novaunion.co  ,Prospect,0,2026-08-29,EMEA,Anders Costa
001BRKGSTKNTOHZAAO,Ivory Studio Holdings,https://ivorystudioholdings.com,Prospect,0,2026-08-13,LATAM,Dara Nandakumar
001S6T8CMELCY4UAAO,Thistle Foundry,www.thistlefoundry.com/about-us,Customer,684000,2026-03-10,APAC,Priya Okonkwo
001U92WAVUGXLGNAAO,Indigo Labs,indigolabs.com/,Customer,56000,2025-09-28,APAC,Priya Okonkwo
001TSZ1K54G1KB7AAO,Echo Group,echogroup.app/,Prospect,0,2026-09-08,US,Tobias Diallo
001OEZHTU1T4CR5AAO,Basalt Media,none,Prospect,0,2026-08-20,EMEA,Viktor Costa
001F8VMYOORTG4UAAO,Dune Labs,dunelabs.com,Customer,691000,2025-08-18,APAC,Priya Okonkwo
001DEEV69QXDWR4AAO,Kindle Partners,kindlepartners.com/br,Prospect,0,2026-07-15,APAC,Zara Takahashi
0010HW6UBZPW6E6AAO,Meridian Guild,https://www.meridianguild.com/,Prospect,0,2026-06-10,APAC,Zara Takahashi
00164FAMU490Q35AAO,Flint Foundry,,Prospect,0,2026-07-12,US,Zara Okonkwo
001MIFN4IOT0MMUAAO,Ivory Applications,https://www.ivoryapplications.com/,Prospect,0,2026-01-07,APAC,Zara Takahashi
001FS951SS2DCX1AAO,Jubilee Systems,jubileesystems.co/,Prospect,0,2026-08-28,APAC,Zara Takahashi
001JLXR2BUM14OYAAO,Monarch Applications,https://monarchapplications.net,Prospect,0,2026-02-25,APAC,Zara Takahashi
001FP89G6WCVNP3AAO,Beacon Software,beaconsoftware.com,Prospect,0,2026-05-03,APAC,Zara Takahashi
00154005VJLJLHXAAO,Jubilee Industries,jubileeindustries.io,Prospect,0,2026-06-19,US,Tobias Diallo
001OUOWSH8RXJ2QAAO,Mosaic Dynamics,https://mosaicdynamics.com?utm_source=crm,Customer,84000,2026-01-17,APAC,Zara Takahashi
001ZABC2PE0SRGGAAO,Wren Labs,https://www.wrenlabs.co/,Prospect,0,2026-04-21,LATAM,Dara Nandakumar
001PFL5AJ9H9FUEAAO,Nomad Guild,www.nomadguild.co/about-us,Prospect,0,2026-03-03,APAC,Priya Okonkwo
001EU5MAF47GMI6AAO,Marble Systems,marblesystems.com,Prospect,0,2026-08-23,US,Tobias Diallo
001LQCFHJL2RWJOAAO,Thistle Systems,thistlesystems.io,Customer,793000,2026-02-08,EMEA,Anders Costa
001ADD8QJVZBVHBAAO,Quarry Group,http://quarrygroup.io,Prospect,0,2025-11-30,LATAM,Dara Nandakumar
001VOWHD5274Z2MAAO,Flint Atelier,https://flintatelier.example,Prospect,0,2026-07-29,LATAM,
001E9QEIYHT6R7PAAO,Nova Systems,novasystems.games,Prospect,0,2025-10-16,APAC,Zara Takahashi
001GJ7ZAM3A55DCAAO,Meridian Studio,https://meridianstudio.com?utm_source=crm,Prospect,0,2026-01-07,EMEA,Camila Haddad
0011LOMT0V417YHAAO,Thistle Interactive,thistleinteractive.io,Prospect,0,2026-06-23,APAC,Zara Takahashi
0017BWU9MUUT9QOAAO,Dune Apps,www.duneapps.co,Prospect,0,2025-10-26,US,Zara Okonkwo
001TNHDSBABNGESAAO,Obsidian Systems,obsidiansystems.co/,Prospect,0,2026-05-23,APAC,Priya Okonkwo
00116O90OYBXNWDAAO,Dune Union,HTTP://DUNEUNION.COM,Prospect,0,2026-06-18,EMEA,Camila Haddad
0017Y1KE4PXDIF7AAO,Amber Holdings,https://amberholdings.com,Customer,21000,2025-12-08,APAC,Priya Okonkwo
001OBC5DG0WVP1KAAO,Ridge Company Holdings,https://ridgecompanyholdings.com,Customer,657000,2026-03-27,EMEA,Camila Haddad
001JIGEVS6HW4KLAAO,Sundial Collective,HTTP://SUNDIALCOLLECTIVE.AI,Prospect,0,2026-09-13,EMEA,Camila Haddad
001I3MSFHWB7ZOVAAO,Tessera Apps,https://tessera-apps.com,Customer,41000,2025-11-13,APAC,Priya Okonkwo
001XGU6QNE8GXD9AAO,Verdant Ventures,https://www.verdantventures.com/,Customer,540000,2025-07-21,LATAM,Dara Nandakumar
0016O8WT03G5GD7AAO,Crimson Industries,,Prospect,0,2025-10-09,APAC,Zara Takahashi
001CS64B9T02JTYAAO,Opal Digital,https://opaldigital.com?utm_source=crm,Prospect,0,2026-05-17,EMEA,Camila Haddad
001NGH3NVC947F6AAO,Obsidian Software,www.obsidiansoftware.ai,Partner,0,2026-09-02,APAC,
00150F1P0OK9YTUAAO,Nova Play,https://www.novaplay.com/,Prospect,0,2025-10-05,EMEA,Camila Haddad
001H6LGR5J4V6C2AAO,Pallas Studios,HTTP://PALLASSTUDIOS.COM,Prospect,0,2025-08-05,EMEA,Anders Costa
001VIFBUCOLEM7WAAO,Hazel Union,hazelunion.net,Customer,791000,2026-04-02,US,Tobias Diallo
0017O5FL07V3RU4AAO,Onyx Partners,onyxpartners.com,Churned,0,2026-02-24,LATAM,Dara Nandakumar
00184Q42832Q7OMAAO,Kappa Applications,kappaapplications.co,Prospect,0,2026-06-25,APAC,Zara Takahashi
001NEZRCUR2H9H1AAO,Dovetail Group,https://www.dovetailgroup.com/,Customer,33000,2026-05-29,APAC,
001C88DCF82NIWUAAO,Iris Solutions,irissolutions.co,Churned,0,2026-05-30,APAC,Priya Okonkwo
001W9IVQS4B3LE3AAO,Yonder Media,HTTP://YONDERMEDIA.COM,Customer,792000,2025-07-24,LATAM,Dara Nandakumar
001BU98EL5SQ84HAAO,Kettle Holdings,kettleholdings.com/br,Partner,0,2026-04-02,APAC,Zara Takahashi
00117N1KQ9JWVRUAAO,Fable Software,fablesoftware.games,Prospect,0,2025-11-17,EMEA,Camila Haddad
00199T9DKZYVLMFAAO,Rivet Apps,https://www.rivetapps.com/,Prospect,0,2026-08-04,US,Tobias Diallo
001RFT6ID6PFF0AAAO,Prairie Dynamics,  prairiedynamics.com  ,Customer,414000,2026-01-08,APAC,Zara Takahashi
001E8KJNX7G0L3JAAO,Lantern Partners,lanternpartners.io,Partner,0,2026-03-10,US,Zara Okonkwo
001NKLCQY2ZDNL9AAO,Timber Software,https://www.timbersoftware.dev/,Prospect,0,2026-06-20,EMEA,Camila Haddad
001LNRN4WN96NE6AAO,Obsidian Guild,http://obsidianguild.com,Prospect,0,2025-08-23,LATAM,Dara Nandakumar
001ZI5XC7B3Z3NKAAO,Northwind Systems,HTTP://NORTHWINDSYSTEMS.APP,Churned,0,2025-09-08,LATAM,Dara Nandakumar
0018HX1L10K48LPAAO,Cobalt Play,HTTP://COBALTPLAY.IO,Prospect,0,2025-10-29,LATAM,Dara Nandakumar
001OWEWG46U4TR3AAO,Lyre Labs,lyrelabs.net,Prospect,0,2026-01-06,US,
0013K660K1DT815AAO,Fable Studio,www.fablestudio.com/about-us,Prospect,0,2026-07-04,EMEA,Anders Costa
001GOLKHA86PV74AAO,Xenon Studios,xenonstudios.com,Prospect,0,2025-12-21,APAC,Zara Takahashi
001I392EIM4CYBSAAO,Kettle Media Ltd,kettlemedia.com/,Prospect,0,2026-03-13,EMEA,Anders Costa
001BHM89KS2DL9KAAO,Jasper Innovations,jasperinnovations.io,Prospect,0,2025-08-21,LATAM,Dara Nandakumar
0015I63KZC4Q5TPAAO,Elm Solutions,https://elmsolutions.dev,Prospect,0,2026-05-29,APAC,Zara Takahashi
001OUPNDNCBKUNJAAO,Anchor Foundry,HTTP://ANCHORFOUNDRY.COM,Prospect,0,2025-10-04,EMEA,Camila Haddad
001K5CWQCASNWFUAAO,Mercato Group,  mercatogroup.com  ,Partner,0,2025-07-25,US,Rin Villalobos
001N51K08T7IRY4AAO,Yonder Foundry,yonderfoundry.com/br,Prospect,0,2026-06-12,APAC,Priya Okonkwo
001XR0SZ80WOV0VAAO,Glimmer Mobile,https://glimmermobile.example,Prospect,0,2025-08-16,US,Zara Okonkwo
001U4HZ9EHQVXKYAAO,Wren Group,wrengroup.dev,Customer,96000,2025-08-12,LATAM,Dara Nandakumar
001ZH7E3HIX5582AAO,Onyx Guild,https://www.onyxguild.com/,Prospect,0,2025-08-12,US,
001BP8X2VOU6XHBAAO,Cedar Partners,http://cedarpartners.com,Prospect,0,2026-04-02,APAC,Zara Takahashi
00150PR4AISLPGFAAO,Yonder Technologies,https://yondertechnologies.ai,Prospect,0,2025-12-30,EMEA,Camila Haddad
001OKM8UWVU6B5AAAO,Kappa Foundry,https://www.kappafoundry.app/,Prospect,0,2026-04-11,EMEA,Viktor Costa
001TTPKOZ8DX4TRAAO,Petrel Studios,petrelstudios.io,Customer,179000,2025-08-21,LATAM,
001BOGCQ6MDVYGHAAO,Orchid Labs,www.orchidlabs.co/about-us,Churned,0,2026-01-20,EMEA,Viktor Costa
001HBTPLYQHQKQKAAO,Drift Company,https://driftcompany.io?utm_source=crm,Prospect,0,2026-02-25,LATAM,Dara Nandakumar
001T53BMZRH02U8AAO,Alder Digital,  alderdigital.net  ,Prospect,0,2025-12-06,EMEA,Viktor Costa
001Y95JUYD39K77AAO,Kindle Guild,https://kindleguild.com?utm_source=crm,Prospect,0,2026-02-28,EMEA,Anders Costa
001XXPHEGGVFSJ7AAO,Everest Systems,www.everestsystems.com,Customer,35000,2026-07-16,EMEA,Viktor Costa
0012AEJJXA66NVGAAO,Jetty Apps,  jettyapps.com  ,Churned,0,2026-08-01,LATAM,Dara Nandakumar
001FZW6QZSH8U3RAAO,Granite Foundry,granitefoundry.ai,Prospect,0,2026-05-26,APAC,
001IXOXAXOJC9I9AAO,Pivot Media,https://www.pivotmedia.net/,Prospect,0,2026-03-06,US,Tobias Diallo
001TV3UENYXTNI5AAO,Willow Technologies,https://www.willowtechnologies.com/,Prospect,0,2025-09-04,US,Rin Villalobos
001JSHECDSDX2B8AAO,Yarrow Company,https://www.yarrowcompany.com/,Partner,0,2025-10-27,LATAM,Dara Nandakumar
001AI720WF4JCW4AAO,Echo Collective,https://echocollective.net,Customer,56000,2026-02-05,APAC,Priya Okonkwo
001KSCWM7IKGQIAAAO,Willow Union,HTTP://WILLOWUNION.CO,Prospect,0,2026-02-19,EMEA,Viktor Costa
0010STER2GJG0GUAAO,Monarch Apps,n/a,Partner,0,2026-07-01,APAC,Priya Okonkwo
001OCBM4VALU1TOAAO,Kiln Apps,kilnapps.com/,Prospect,0,2026-03-13,APAC,
001WTD6ZSWD3PFXAAO,Sundial Solutions,https://www.sundialsolutions.com/,Prospect,0,2026-03-30,US,Tobias Diallo
001HWCI91SIRKZGAAO,Ember Ventures,https://www.emberventures.games/,Prospect,0,2026-05-07,EMEA,Anders Costa
001VGGES9COK2F1AAO,Beacon Ventures,http://beaconventures.dev,Churned,0,2026-06-27,EMEA,Anders Costa
0013F1N22GL3Q30AAO,Orbit Dynamics,https://orbitd-ynamics.com,Prospect,0,2026-08-05,EMEA,Viktor Costa
0017F9MKKTATT5ZAAO,Tundra Solutions,https://www.tundrasolutions.co/,Prospect,0,2025-11-21,EMEA,Anders Costa
0017JC775DYYNTEAAO,Fable Guild,fableguild.games,Prospect,0,2026-03-11,APAC,Priya Okonkwo
001B4QIW6VR2ENZAAO,Fathom Apps,https://fathomapps.example,Prospect,0,2026-01-11,APAC,Priya Okonkwo
00192GSTK4F1QDHAAO,Wharf Studio,wharfstudio.co,Churned,0,2025-09-20,APAC,Zara Takahashi
00198GZI869SKYJAAO,Kindle Collective,kindlecollective.games,Prospect,0,2025-09-19,EMEA,Viktor Costa
001BMCFKQQZAF0XAAO,Halcyon Mobile,https://halcyonmobile.net?utm_source=crm,Prospect,0,2026-06-26,US,Zara Okonkwo
001R9H88452L0AGAAO,Fathom Collective,https://fathomcollective.games?utm_source=crm,Customer,164000,2026-08-07,US,Rin Villalobos
001O23MUO0XRZ4OAAO,Larkspur Digital,larkspurdigital.ai,Prospect,0,2026-05-26,APAC,Priya Okonkwo
001WDS92ZKYEBJ2AAO,Pinewood Digital,pinewood-digital.com,Prospect,0,2026-01-18,LATAM,Dara Nandakumar
0016E3MWT31TGZ3AAO,Lyre Dynamics,https://lyredynamics.com?utm_source=crm,Partner,0,2025-11-05,LATAM,Dara Nandakumar
001EX15949AAJTSAAO,Jasper Networks,jaspernetworks.co,Prospect,0,2026-06-30,US,Zara Okonkwo
00125P5XN9NJA9SAAO,Kestrel Digital,https://www.kestreldigital.com,Prospect,0,2025-09-21,EMEA,Camila Haddad
001C53KUXBEH3AVAAO,Orbit Systems,https://www.orbitsystems.com/,Partner,0,2026-05-31,LATAM,Dara Nandakumar
0015YCZG48M6HKCAAO,Yonder Industries,https://yonderindustries.io,Customer,145000,2026-02-12,LATAM,Dara Nandakumar
00190JB5W7PQ787AAO,Nova House,novahouse.com,Customer,21000,2026-01-14,EMEA,Viktor Costa
001DIE4CRSXB0UDAAO,Lyre Ventures,www.lyreventures.io/about-us,Churned,0,2025-08-12,LATAM,Dara Nandakumar
001VZTVF7LDPLZTAAO,Orbit Digital,orbitdigital.dev,Customer,419000,2026-01-20,LATAM,Dara Nandakumar
00107S7FG8IBN2KAAO,Kiln Union,kilnunion.app,Prospect,0,2026-06-10,LATAM,Dara Nandakumar
001WT7R4WH9XB1SAAO,Amber Foundry,https://amberfoundry.net,Prospect,0,2026-05-30,EMEA,Anders Costa
001T4UAIV4UPF6SAAO,Kiln Studios,https://kilnstudios.games,Customer,177000,2026-04-12,US,Rin Villalobos
001RHY2KJRX8O01AAO,Quarry Atelier,quarryatelier.com,Partner,0,2026-07-11,EMEA,Camila Haddad
00141RA0U0OFLM2AAO,Xenon Play Holdings LLC,xenonplayholdings.com/,Prospect,0,2026-08-03,LATAM,Dara Nandakumar
