app_id,mmp,install_date,mmp_installed
APP-1001,AppsFlyer,2022-04-12,336
APP-1001,Adjust,2026-07-02,157
APP-1002,AppsFlyer,2022-04-12,336
APP-1003,AppsFlyer,2022-04-12,336
APP-1004,AppsFlyer,2022-04-12,336
APP-1005,Adjust,2022-09-30,157
APP-1005,AppsFlyer,2026-06-18,336
APP-1006,Adjust,2022-09-30,157
APP-1007,Adjust,2022-09-30,157
APP-1008,AppsFlyer,2022-02-14,336
APP-1009,AppsFlyer,2022-02-14,336
APP-1010,AppsFlyer,2022-02-14,336
APP-1010,Branch,2022-02-26,115
APP-1011,Kochava,2023-05-19,82
APP-1011,Branch,2026-08-25,115
APP-1012,Kochava,2023-05-19,82
APP-1013,Adjust,2024-09-27,157
APP-1014,Adjust,2024-09-27,157
APP-1015,Adjust,2024-09-27,157
APP-1016,AppsFlyer,2022-12-01,336
APP-1016,Singular,2026-05-06,66
APP-1017,AppsFlyer,2022-12-01,336
APP-1018,Branch,2025-09-22,115
APP-1019,Branch,2025-09-22,115
APP-1020,Adjust,2023-01-31,157
APP-1021,Adjust,2023-01-31,157
APP-1022,Adjust,2023-01-31,157
APP-1023,Kochava,2024-03-11,82
APP-1024,Kochava,2024-03-11,82
APP-1024,AppsFlyer,2026-08-30,336
APP-1025,Airbridge,2022-07-08,36
APP-1026,Airbridge,2022-07-08,36
APP-1026,AppsFlyer,2026-04-21,336
APP-1027,Branch,2023-11-03,115
APP-1028,Branch,2023-11-03,115
APP-1029,Tenjin,2024-06-14,50
APP-1030,Tenjin,2024-06-14,50
APP-1030,Adjust,2026-09-01,157
APP-1031,Kochava,2023-07-01,82
APP-1032,AppsFlyer,2023-03-10,336
APP-1033,AppsFlyer,2023-02-19,336
APP-1034,AppsFlyer,2023-03-21,336
APP-1035,AppsFlyer,2023-02-22,336
APP-1036,Kochava,2024-10-12,82
APP-1037,Kochava,2024-10-27,82
APP-1038,AppsFlyer,2022-08-13,336
APP-1039,AppsFlyer,2022-08-17,336
APP-1040,AppsFlyer,2022-09-06,336
APP-1041,Airbridge,2024-03-11,36
APP-1042,Airbridge,2024-03-29,36
APP-1043,Airbridge,2024-03-16,36
APP-1044,Airbridge,2024-03-28,36
APP-1045,Airbridge,2024-03-10,36
APP-1046,Branch,2023-10-16,115
APP-1047,Branch,2023-10-19,115
APP-1048,Branch,2023-10-13,115
APP-1048,Adjust,2026-07-24,157
APP-1049,AppsFlyer,2025-08-28,336
APP-1050,AppsFlyer,2025-09-24,336
APP-1051,AppsFlyer,2025-09-30,336
APP-1051,Kochava,2026-08-29,82
APP-1052,Adjust,2023-07-28,157
APP-1053,Airbridge,2024-10-26,36
APP-1054,Airbridge,2024-10-15,36
APP-1055,Airbridge,2024-10-25,36
APP-1056,Airbridge,2024-10-11,36
APP-1057,Airbridge,2024-11-02,36
APP-1058,Adjust,2022-12-18,157
APP-1059,Adjust,2022-12-22,157
APP-1060,Adjust,2024-02-01,157
APP-1061,Adjust,2024-01-17,157
APP-1062,Adjust,2024-01-26,157
APP-1063,Adjust,2024-02-12,157
APP-1061,Branch,2026-01-08,115
APP-1064,Branch,2024-11-16,115
APP-1065,Branch,2024-10-17,115
APP-1066,Branch,2024-10-11,115
APP-1067,Branch,2024-10-25,115
APP-1068,Adjust,2024-03-14,157
APP-1069,AppsFlyer,2024-09-06,336
APP-1070,Singular,2023-02-27,66
APP-1071,Singular,2023-02-14,66
APP-1070,Branch,2025-10-16,115
APP-1072,AppsFlyer,2022-01-18,336
APP-1073,Adjust,2021-07-05,157
APP-1074,AppsFlyer,2022-12-03,336
APP-1075,AppsFlyer,2022-12-29,336
APP-1076,Branch,2025-07-08,115
APP-1077,Branch,2025-07-16,115
APP-1078,Branch,2025-08-12,115
APP-1079,Branch,2025-08-09,115
APP-1080,Branch,2025-08-15,115
APP-1079,AppsFlyer,2026-02-19,336
APP-1081,Airbridge,2021-09-30,36
APP-1082,Airbridge,2021-09-19,36
APP-1083,Airbridge,2021-10-10,36
APP-1084,Airbridge,2021-10-13,36
APP-1082,Kochava,2026-01-12,82
APP-1085,AppsFlyer,2023-05-08,336
APP-1086,AppsFlyer,2022-05-31,336
APP-1087,AppsFlyer,2022-05-20,336
APP-1086,Airbridge,2022-04-29,36
APP-1088,Branch,2024-01-12,115
APP-1089,AppsFlyer,2022-04-08,336
APP-1090,Adjust,2025-06-16,157
APP-1091,AppsFlyer,2023-10-01,336
APP-1092,Kochava,2022-08-02,82
APP-1093,Kochava,2022-07-28,82
APP-1094,Kochava,2022-08-20,82
APP-1095,Kochava,2022-07-22,82
APP-1096,Kochava,2022-09-01,82
APP-1092,AppsFlyer,2025-11-13,336
APP-1097,Tenjin,2024-03-08,50
APP-1098,Tenjin,2024-02-24,50
APP-1099,Tenjin,2024-02-12,50
APP-1097,Adjust,2026-05-10,157
APP-1100,AppsFlyer,2021-11-24,336
APP-1101,AppsFlyer,2024-09-06,336
APP-1102,Branch,2024-09-26,115
APP-1103,Branch,2024-09-22,115
APP-1103,AppsFlyer,2026-06-29,336
APP-1104,Kochava,2025-06-24,82
APP-1105,Kochava,2025-07-14,82
APP-1106,Kochava,2025-06-12,82
APP-1107,Kochava,2025-06-29,82
APP-1108,AppsFlyer,2023-05-18,336
APP-1109,AppsFlyer,2023-05-26,336
APP-1110,AppsFlyer,2023-05-30,336
APP-1108,Singular,2026-03-28,66
APP-1111,AppsFlyer,2024-03-29,336
APP-1112,AppsFlyer,2024-03-03,336
APP-1113,AppsFlyer,2024-04-01,336
APP-1111,Adjust,2026-02-13,157
APP-1114,Adjust,2021-05-16,157
APP-1115,Airbridge,2022-11-22,36
APP-1116,Adjust,2021-04-10,157
APP-1117,Adjust,2021-04-12,157
APP-1117,Kochava,2026-08-30,82
APP-1118,AppsFlyer,2024-05-20,336
APP-1119,Tenjin,2021-03-23,50
APP-1120,Tenjin,2021-03-16,50
APP-1121,Tenjin,2021-03-13,50
APP-1122,Adjust,2023-10-17,157
APP-1123,Adjust,2023-10-26,157
APP-1124,Adjust,2023-10-19,157
APP-1125,AppsFlyer,2021-04-25,336
APP-1126,AppsFlyer,2021-05-31,336
APP-1127,AppsFlyer,2021-05-07,336
APP-1128,AppsFlyer,2021-04-29,336
APP-1126,Branch,2026-01-23,115
APP-1129,Kochava,2024-11-20,82
APP-1130,Kochava,2024-12-06,82
APP-1131,Kochava,2024-11-24,82
APP-1132,Kochava,2024-12-20,82
APP-1133,Kochava,2024-12-16,82
APP-1133,Adjust,2026-07-14,157
APP-1134,AppsFlyer,2025-02-14,336
APP-1135,AppsFlyer,2025-02-07,336
APP-1136,AppsFlyer,2021-06-26,336
APP-1137,AppsFlyer,2021-06-18,336
APP-1138,Branch,2024-03-17,115
APP-1139,Kochava,2021-05-05,82
APP-1140,Adjust,2023-08-17,157
APP-1141,Branch,2021-06-02,115
APP-1142,Branch,2021-06-04,115
APP-1143,Branch,2021-06-13,115
APP-1144,Branch,2021-06-05,115
APP-1145,Branch,2022-04-15,115
APP-1146,AppsFlyer,2024-07-26,336
APP-1147,Singular,2022-09-04,66
APP-1148,Singular,2022-09-20,66
APP-1149,Singular,2022-08-28,66
APP-1150,AppsFlyer,2023-10-13,336
APP-1151,AppsFlyer,2023-11-02,336
APP-1152,AppsFlyer,2023-10-19,336
APP-1153,Branch,2025-09-07,115
APP-1154,Branch,2025-09-01,115
APP-1155,Branch,2025-09-07,115
APP-1156,Branch,2025-08-30,115
APP-1153,AppsFlyer,2026-05-14,336
APP-1157,Adjust,2025-01-02,157
APP-1158,Adjust,2024-11-21,157
APP-1159,Adjust,2024-12-23,157
APP-1160,Adjust,2025-01-01,157
APP-1157,AppsFlyer,2026-09-14,336
APP-1161,Tenjin,2025-03-25,50
APP-1162,Tenjin,2025-03-18,50
APP-1163,Tenjin,2025-03-30,50
APP-1164,Tenjin,2025-03-21,50
APP-1165,Tenjin,2025-02-19,50
APP-1166,Adjust,2021-06-08,157
APP-1167,Adjust,2021-05-16,157
APP-1168,Adjust,2021-05-31,157
APP-1166,Singular,2021-05-29,66
APP-1169,AppsFlyer,2025-04-15,336
APP-1170,AppsFlyer,2025-04-27,336
APP-1169,Adjust,2026-01-02,157
APP-1171,Adjust,2022-03-30,157
APP-1172,Adjust,2022-03-27,157
APP-1173,Adjust,2022-04-06,157
APP-1174,AppsFlyer,2022-06-15,336
APP-1175,AppsFlyer,2023-11-25,336
APP-1176,Airbridge,2023-07-19,36
APP-1177,Airbridge,2023-06-30,36
APP-1178,AppsFlyer,2021-08-24,336
APP-1179,AppsFlyer,2025-05-31,336
APP-1180,AppsFlyer,2025-04-27,336
APP-1181,AppsFlyer,2025-05-15,336
APP-1180,Adjust,2026-05-10,157
APP-1182,Branch,2023-04-27,115
APP-1183,Branch,2023-04-28,115
APP-1183,Singular,2026-05-11,66
APP-1184,Tenjin,2025-09-25,50
APP-1185,Tenjin,2025-09-11,50
APP-1185,Kochava,2026-06-02,82
APP-1186,Adjust,2021-12-14,157
APP-1187,Adjust,2021-12-13,157
APP-1188,Adjust,2021-12-10,157
APP-1189,Kochava,2023-12-16,82
APP-1190,Kochava,2023-12-16,82
APP-1191,Kochava,2023-11-13,82
APP-1192,Adjust,2025-09-27,157
APP-1193,Adjust,2025-09-21,157
APP-1194,Adjust,2025-09-28,157
APP-1195,Adjust,2025-08-19,157
APP-1196,Adjust,2022-05-17,157
APP-1197,Branch,2023-12-21,115
APP-1198,Kochava,2025-05-10,82
APP-1199,Kochava,2025-06-16,82
APP-1199,AppsFlyer,2026-01-13,336
APP-1200,AppsFlyer,2021-11-17,336
APP-1201,AppsFlyer,2021-11-19,336
APP-1202,AppsFlyer,2021-11-04,336
APP-1203,Tenjin,2024-03-11,50
APP-1204,Tenjin,2024-02-22,50
APP-1205,Tenjin,2024-02-27,50
APP-1204,Singular,2026-07-29,66
APP-1206,AppsFlyer,2024-12-03,336
APP-1207,AppsFlyer,2024-11-17,336
APP-1208,AppsFlyer,2024-11-16,336
APP-1206,Singular,2026-07-17,66
APP-1209,Tenjin,2022-11-04,50
APP-1210,Tenjin,2022-10-11,50
APP-1211,AppsFlyer,2023-08-10,336
APP-1212,AppsFlyer,2021-10-22,336
APP-1213,AppsFlyer,2021-10-05,336
APP-1214,AppsFlyer,2024-05-07,336
APP-1215,AppsFlyer,2024-05-23,336
APP-1216,AppsFlyer,2024-04-20,336
APP-1215,Airbridge,2026-03-23,36
APP-1217,AppsFlyer,2022-12-28,336
APP-1218,AppsFlyer,2022-11-21,336
APP-1219,Singular,2024-08-31,66
APP-1220,Singular,2024-08-16,66
APP-1221,Singular,2024-09-20,66
APP-1222,Singular,2024-08-18,66
APP-1223,Singular,2024-09-25,66
APP-1224,Singular,2024-08-17,66
APP-1220,AppsFlyer,2025-12-25,336
APP-1225,Tenjin,2022-12-16,50
APP-1226,Tenjin,2022-11-30,50
APP-1227,Tenjin,2025-05-20,50
APP-1228,Tenjin,2025-05-17,50
APP-1228,Singular,2026-01-23,66
APP-1229,Kochava,2023-05-18,82
APP-1230,Kochava,2023-05-24,82
APP-1230,Airbridge,2025-10-16,36
APP-1231,Branch,2021-04-19,115
APP-1232,AppsFlyer,2024-10-21,336
APP-1233,AppsFlyer,2024-11-08,336
APP-1233,Singular,2026-04-03,66
APP-1234,Airbridge,2024-04-03,36
APP-1235,Adjust,2021-11-28,157
APP-1236,Adjust,2021-11-30,157
APP-1237,Branch,2023-08-29,115
APP-1238,Branch,2023-08-14,115
APP-1237,AppsFlyer,2026-04-23,336
APP-1239,Adjust,2025-01-03,157
APP-1240,AppsFlyer,2023-11-09,336
APP-1241,AppsFlyer,2023-11-17,336
APP-1242,AppsFlyer,2023-12-15,336
APP-1243,AppsFlyer,2024-12-12,336
APP-1244,AppsFlyer,2025-01-05,336
APP-1245,AppsFlyer,2022-11-04,336
APP-1246,AppsFlyer,2022-10-07,336
APP-1247,Adjust,2023-12-29,157
APP-1248,Adjust,2023-12-24,157
APP-1249,Adjust,2023-12-06,157
APP-1249,AppsFlyer,2025-10-27,336
APP-1250,Tenjin,2024-10-31,50
APP-1251,AppsFlyer,2023-02-15,336
APP-1252,AppsFlyer,2023-02-16,336
APP-1253,AppsFlyer,2023-03-07,336
APP-1254,AppsFlyer,2023-02-07,336
APP-1253,Singular,2026-08-23,66
APP-1255,Branch,2023-02-16,115
APP-1256,Branch,2023-03-23,115
APP-1257,Branch,2023-02-27,115
APP-1258,Branch,2023-03-01,115
APP-1257,Singular,2026-05-22,66
APP-1259,Singular,2025-06-19,66
APP-1260,Singular,2025-06-04,66
APP-1261,Singular,2025-06-10,66
APP-1262,Singular,2025-05-11,66
APP-1262,AppsFlyer,2026-01-31,336
APP-1263,AppsFlyer,2022-04-22,336
APP-1264,AppsFlyer,2022-05-11,336
APP-1264,Branch,2026-03-23,115
APP-1265,Airbridge,2023-09-03,36
APP-1266,Airbridge,2023-08-18,36
APP-1265,Branch,2026-04-17,115
APP-1267,Adjust,2021-06-14,157
APP-1268,Adjust,2021-05-24,157
APP-1269,Adjust,2021-06-29,157
APP-1270,Branch,2023-09-26,115
APP-1271,Adjust,2021-04-04,157
APP-1272,Adjust,2021-05-02,157
APP-1273,Adjust,2021-03-27,157
APP-1274,AppsFlyer,2022-07-11,336
APP-1275,AppsFlyer,2022-06-08,336
APP-1276,AppsFlyer,2022-07-15,336
APP-1274,Adjust,2022-06-15,157
APP-1277,Branch,2023-09-23,115
APP-1278,Branch,2023-09-24,115
APP-1279,Branch,2023-09-27,115
APP-1280,Branch,2023-09-18,115
APP-1281,Branch,2023-09-07,115
APP-1282,Branch,2023-10-11,115
APP-1279,Singular,2025-10-07,66
APP-1283,AppsFlyer,2024-03-18,336
APP-1284,AppsFlyer,2024-03-30,336
APP-1285,Adjust,2021-09-01,157
APP-1286,Adjust,2021-09-03,157
APP-1287,Adjust,2021-09-04,157
APP-1287,AppsFlyer,2026-01-12,336
APP-1288,Adjust,2021-09-26,157
APP-1289,Branch,2021-02-11,115
APP-1290,Branch,2021-02-04,115
APP-1291,Tenjin,2024-08-02,50
APP-1292,Tenjin,2022-08-23,50
APP-1293,Tenjin,2022-08-27,50
APP-1294,Tenjin,2022-09-22,50
APP-1295,Tenjin,2022-08-29,50
APP-1296,Tenjin,2022-08-26,50
APP-1292,AppsFlyer,2025-10-18,336
APP-1297,Airbridge,2023-03-06,36
APP-1298,Airbridge,2023-02-18,36
APP-1299,Adjust,2023-01-25,157
APP-1300,Adjust,2022-12-30,157
APP-1299,Branch,2026-03-18,115
APP-1301,AppsFlyer,2025-01-04,336
APP-1302,AppsFlyer,2024-12-27,336
APP-1303,AppsFlyer,2024-12-19,336
APP-1304,AppsFlyer,2025-01-21,336
APP-1301,Tenjin,2026-05-02,50
APP-1305,Branch,2025-01-14,115
APP-1306,Adjust,2022-09-11,157
APP-1307,Adjust,2022-09-22,157
APP-1308,Kochava,2024-10-15,82
APP-1309,AppsFlyer,2025-08-10,336
APP-1310,AppsFlyer,2025-08-31,336
APP-1311,AppsFlyer,2025-08-14,336
APP-1312,AppsFlyer,2025-07-25,336
APP-1313,AppsFlyer,2025-08-16,336
APP-1313,Singular,2026-04-27,66
APP-1314,AppsFlyer,2025-01-23,336
APP-1315,AppsFlyer,2025-01-23,336
APP-1316,AppsFlyer,2025-02-01,336
APP-1317,AppsFlyer,2025-01-10,336
APP-1318,AppsFlyer,2025-01-12,336
APP-1319,AppsFlyer,2025-01-21,336
APP-1320,Kochava,2023-07-03,82
APP-1321,Kochava,2023-05-25,82
APP-1322,Kochava,2023-05-26,82
APP-1323,AppsFlyer,2024-11-26,336
APP-1324,AppsFlyer,2024-10-16,336
APP-1325,AppsFlyer,2024-10-29,336
APP-1326,AppsFlyer,2024-10-18,336
APP-1325,Adjust,2026-05-18,157
APP-1327,Adjust,2021-08-09,157
APP-1328,Adjust,2021-08-16,157
APP-1329,Adjust,2021-08-12,157
APP-1330,Adjust,2021-07-30,157
APP-1331,Adjust,2024-02-19,157
APP-1332,Adjust,2024-03-26,157
APP-1331,Tenjin,2026-04-25,50
APP-1333,Airbridge,2024-11-12,36
APP-1334,Kochava,2023-03-21,82
APP-1335,Adjust,2022-03-12,157
APP-1336,Adjust,2022-03-12,157
APP-1337,Adjust,2022-03-25,157
APP-1338,AppsFlyer,2022-08-18,336
APP-1339,AppsFlyer,2022-08-21,336
APP-1340,AppsFlyer,2022-08-08,336
APP-1341,AppsFlyer,2022-08-02,336
APP-1342,AppsFlyer,2024-08-13,336
APP-1343,AppsFlyer,2024-09-07,336
APP-1344,Kochava,2021-10-20,82
APP-1345,Kochava,2021-10-11,82
APP-1346,Kochava,2021-11-19,82
APP-1344,Adjust,2026-06-29,157
APP-1347,AppsFlyer,2021-08-13,336
APP-1348,AppsFlyer,2021-07-24,336
APP-1349,AppsFlyer,2021-08-18,336
APP-1350,AppsFlyer,2024-11-04,336
APP-1351,AppsFlyer,2024-10-07,336
APP-1352,AppsFlyer,2024-09-28,336
APP-1353,AppsFlyer,2024-10-29,336
APP-1354,AppsFlyer,2024-09-30,336
APP-1355,AppsFlyer,2021-11-04,336
APP-1356,AppsFlyer,2021-03-06,336
APP-1357,AppsFlyer,2021-03-08,336
APP-1357,Adjust,2026-06-01,157
APP-1358,AppsFlyer,2022-01-23,336
APP-1359,AppsFlyer,2022-01-06,336
APP-1360,Adjust,2021-06-17,157
APP-1361,Adjust,2021-07-23,157
APP-1362,Adjust,2021-06-22,157
APP-1363,Adjust,2024-03-15,157
APP-1364,Adjust,2024-04-14,157
APP-1364,Branch,2025-11-23,115
APP-1365,Branch,2023-08-07,115
APP-1366,Branch,2023-07-24,115
APP-1367,Branch,2023-07-11,115
APP-1368,Branch,2023-07-26,115
APP-1369,AppsFlyer,2023-08-28,336
APP-1370,AppsFlyer,2023-08-12,336
APP-1371,AppsFlyer,2023-09-02,336
APP-1371,Kochava,2026-01-05,82
APP-1372,AppsFlyer,2022-02-17,336
APP-1373,AppsFlyer,2022-02-09,336
APP-1374,AppsFlyer,2022-02-08,336
APP-1375,AppsFlyer,2022-03-03,336
APP-1374,Adjust,2022-01-28,157
APP-1376,Branch,2024-06-15,115
APP-1377,Branch,2024-05-27,115
APP-1378,AppsFlyer,2023-01-09,336
APP-1379,AppsFlyer,2024-05-10,336
APP-1380,AppsFlyer,2024-05-24,336
APP-1381,AppsFlyer,2024-05-30,336
APP-1382,Tenjin,2022-01-11,50
APP-1383,Tenjin,2022-01-11,50
APP-1383,Branch,2026-09-06,115
APP-1384,Kochava,2021-06-25,82
APP-1385,Kochava,2021-07-11,82
APP-1386,Kochava,2021-07-01,82
APP-1387,Kochava,2021-06-13,82
APP-1385,Adjust,2026-04-13,157
APP-1388,Branch,2022-09-13,115
APP-1389,Branch,2022-10-20,115
APP-1390,Branch,2022-10-01,115
APP-1391,Branch,2022-09-29,115
APP-1391,Kochava,2025-12-20,82
APP-1392,Tenjin,2025-02-04,50
APP-1393,Tenjin,2025-02-09,50
APP-1394,AppsFlyer,2021-06-01,336
APP-1395,AppsFlyer,2024-10-03,336
APP-1396,AppsFlyer,2024-09-14,336
APP-1396,Adjust,2026-04-23,157
APP-1397,AppsFlyer,2022-01-11,336
APP-1398,AppsFlyer,2022-02-10,336
APP-1399,AppsFlyer,2023-01-02,336
APP-1400,AppsFlyer,2023-01-06,336
APP-1401,AppsFlyer,2023-01-09,336
APP-1401,Adjust,2026-06-07,157
APP-1402,Adjust,2022-02-17,157
APP-1403,Adjust,2022-02-10,157
APP-1402,Kochava,2025-12-10,82
APP-1404,Singular,2021-09-19,66
APP-1405,Singular,2021-10-03,66
APP-1404,Adjust,2026-05-31,157
APP-1406,Kochava,2023-01-29,82
APP-1407,Kochava,2023-02-02,82
APP-1407,Branch,2025-11-18,115
APP-1408,Adjust,2022-10-07,157
APP-1409,Adjust,2022-10-07,157
APP-1410,Adjust,2022-08-29,157
APP-1410,Branch,2026-07-15,115
APP-1411,Singular,2024-07-07,66
APP-1412,Singular,2024-07-29,66
APP-1413,Adjust,2022-08-10,157
APP-1414,Adjust,2022-09-24,157
APP-1415,Adjust,2022-09-08,157
APP-1415,AppsFlyer,2026-06-12,336
APP-1416,AppsFlyer,2021-12-08,336
APP-1417,AppsFlyer,2021-12-07,336
APP-1418,AppsFlyer,2021-05-11,336
APP-1419,AppsFlyer,2021-05-04,336
APP-1419,Branch,2021-05-02,115
APP-1420,Tenjin,2023-02-07,50
APP-1421,Kochava,2023-02-01,82
APP-1422,Kochava,2023-02-02,82
APP-1423,Airbridge,2023-10-17,36
APP-1424,Airbridge,2023-10-28,36
APP-1425,Branch,2022-10-19,115
APP-1426,Branch,2022-10-20,115
APP-1427,Branch,2022-09-27,115
APP-1428,AppsFlyer,2023-10-21,336
APP-1429,AppsFlyer,2023-10-10,336
APP-1430,AppsFlyer,2022-04-09,336
APP-1431,AppsFlyer,2023-07-14,336
APP-1432,AppsFlyer,2023-07-15,336
APP-1433,AppsFlyer,2023-07-05,336
APP-1434,AppsFlyer,2024-12-24,336
APP-1435,AppsFlyer,2025-01-06,336
APP-1434,Singular,2026-03-18,66
APP-1436,Branch,2022-09-28,115
APP-1437,Branch,2022-09-11,115
APP-1436,Singular,2026-02-04,66
APP-1438,Tenjin,2023-01-01,50
APP-1439,Tenjin,2022-09-20,50
APP-1440,Tenjin,2022-10-17,50
APP-1441,Tenjin,2022-10-13,50
APP-1440,Singular,2026-02-05,66
APP-1442,AppsFlyer,2023-08-16,336
APP-1443,AppsFlyer,2023-09-21,336
APP-1444,AppsFlyer,2023-03-19,336
APP-1445,AppsFlyer,2023-03-31,336
APP-1446,AppsFlyer,2023-02-23,336
APP-1445,Branch,2026-08-19,115
APP-1447,Airbridge,2024-09-03,36
APP-1448,Airbridge,2024-09-11,36
APP-1449,AppsFlyer,2023-05-02,336
APP-1450,AppsFlyer,2023-05-05,336
APP-1451,AppsFlyer,2023-04-13,336
APP-1452,AppsFlyer,2021-06-07,336
APP-1453,AppsFlyer,2021-07-06,336
APP-1454,AppsFlyer,2022-07-18,336
APP-1455,AppsFlyer,2022-06-23,336
APP-1456,AppsFlyer,2021-05-02,336
APP-1457,AppsFlyer,2021-05-11,336
APP-1456,Adjust,2026-01-28,157
APP-1458,AppsFlyer,2021-07-04,336
APP-1459,AppsFlyer,2021-07-10,336
APP-1460,AppsFlyer,2021-07-07,336
APP-1459,Singular,2026-06-18,66
APP-1461,AppsFlyer,2022-10-11,336
APP-1462,AppsFlyer,2022-10-23,336
APP-1463,AppsFlyer,2022-10-31,336
APP-1462,Singular,2025-11-20,66
APP-1464,Kochava,2024-07-16,82
APP-1465,Kochava,2024-07-07,82
APP-1466,Kochava,2024-06-15,82
APP-1467,Adjust,2024-09-29,157
APP-1468,AppsFlyer,2021-03-14,336
APP-1469,AppsFlyer,2021-03-01,336
APP-1470,AppsFlyer,2021-03-19,336
APP-1471,AppsFlyer,2023-07-03,336
APP-1472,AppsFlyer,2022-10-29,336
APP-1473,AppsFlyer,2022-11-28,336
APP-1474,AppsFlyer,2022-10-30,336
APP-1475,AppsFlyer,2022-10-29,336
APP-1475,Adjust,2026-06-06,157
APP-1476,AppsFlyer,2024-10-19,336
APP-1477,AppsFlyer,2024-11-01,336
APP-1478,AppsFlyer,2022-06-27,336
APP-1479,AppsFlyer,2022-07-01,336
APP-1480,AppsFlyer,2022-06-28,336
APP-1481,AppsFlyer,2022-06-23,336
APP-1482,AppsFlyer,2022-07-20,336
APP-1483,AppsFlyer,2022-07-08,336
APP-1484,AppsFlyer,2021-08-22,336
APP-1485,AppsFlyer,2021-08-01,336
APP-1486,AppsFlyer,2021-04-17,336
APP-1487,AppsFlyer,2022-08-20,336
APP-1488,AppsFlyer,2022-09-01,336
APP-1489,AppsFlyer,2025-07-28,336
APP-1490,AppsFlyer,2025-08-12,336
APP-1491,AppsFlyer,2025-08-02,336
APP-1492,AppsFlyer,2025-08-09,336
APP-1493,AppsFlyer,2025-08-22,336
APP-1494,AppsFlyer,2025-07-26,336
APP-1495,Kochava,2025-09-02,82
APP-1496,Branch,2021-02-09,115
APP-1497,Branch,2021-02-14,115
APP-1498,Branch,2021-02-17,115
APP-1499,Branch,2021-02-14,115
APP-1500,Branch,2021-02-09,115
APP-1501,AppsFlyer,2021-03-14,336
APP-1502,AppsFlyer,2021-03-22,336
APP-1503,AppsFlyer,2021-03-22,336
APP-1504,AppsFlyer,2021-03-16,336
APP-1504,Kochava,2026-01-24,82
APP-1505,AppsFlyer,2023-05-20,336
APP-1506,AppsFlyer,2022-11-12,336
APP-1507,AppsFlyer,2022-11-20,336
APP-1508,AppsFlyer,2024-09-30,336
APP-1509,Branch,2025-05-10,115
APP-1510,Branch,2025-06-01,115
APP-1511,Branch,2025-06-03,115
APP-1512,Branch,2025-05-10,115
APP-1513,Branch,2025-06-05,115
APP-1514,Branch,2025-05-12,115
APP-1515,Tenjin,2021-07-05,50
APP-1516,Tenjin,2021-07-17,50
APP-1517,Singular,2022-01-08,66
APP-1518,Singular,2021-12-04,66
APP-1517,AppsFlyer,2026-08-11,336
APP-1519,AppsFlyer,2025-04-08,336
APP-1520,AppsFlyer,2025-05-09,336
APP-1521,AppsFlyer,2022-05-23,336
APP-1522,AppsFlyer,2022-05-19,336
APP-1523,AppsFlyer,2022-05-14,336
APP-1524,AppsFlyer,2022-06-22,336
APP-1525,Adjust,2022-10-13,157
APP-1526,Kochava,2025-02-11,82
APP-1527,Kochava,2025-01-06,82
APP-1528,AppsFlyer,2023-11-13,336
APP-1529,AppsFlyer,2021-05-18,336
APP-1530,Branch,2021-08-13,115
APP-1531,Branch,2021-09-02,115
APP-1530,Tenjin,2026-05-06,50
APP-1532,Branch,2024-10-06,115
APP-1533,Branch,2024-11-03,115
APP-1532,AppsFlyer,2024-10-16,336
APP-1534,AppsFlyer,2024-09-11,336
APP-1535,AppsFlyer,2024-09-19,336
APP-1536,AppsFlyer,2024-09-14,336
APP-1537,AppsFlyer,2021-06-29,336
APP-1538,AppsFlyer,2021-06-23,336
APP-1539,Kochava,2024-05-17,82
APP-1540,AppsFlyer,2025-06-01,336
APP-1541,AppsFlyer,2025-05-27,336
APP-1542,AppsFlyer,2025-05-19,336
APP-1540,Branch,2025-05-14,115
APP-1543,AppsFlyer,2025-02-08,336
APP-1544,AppsFlyer,2025-05-24,336
APP-1545,AppsFlyer,2025-05-25,336
APP-1546,AppsFlyer,2022-10-16,336
APP-1547,AppsFlyer,2022-11-04,336
APP-1547,Singular,2026-04-29,66
APP-1548,Kochava,2022-11-02,82
APP-1549,Kochava,2022-10-29,82
APP-1550,AppsFlyer,2021-04-28,336
APP-1551,AppsFlyer,2021-04-13,336
APP-1550,Adjust,2026-07-04,157
APP-1552,Adjust,2021-04-24,157
APP-1553,Adjust,2021-05-14,157
APP-1554,AppsFlyer,2022-11-14,336
APP-1555,AppsFlyer,2022-11-04,336
APP-1556,AppsFlyer,2022-11-16,336
APP-1555,Singular,2026-06-22,66
APP-1557,AppsFlyer,2025-01-23,336
APP-1558,AppsFlyer,2025-01-26,336
APP-1559,AppsFlyer,2023-07-19,336
APP-1560,AppsFlyer,2023-08-13,336
APP-1561,Adjust,2023-12-05,157
APP-1562,Adjust,2023-12-10,157
APP-1563,Adjust,2023-05-11,157
APP-1564,Adjust,2023-05-09,157
APP-1565,Branch,2024-01-10,115
APP-1566,AppsFlyer,2023-03-31,336
APP-1567,AppsFlyer,2023-04-20,336
APP-1567,Singular,2026-06-18,66
APP-1568,AppsFlyer,2022-04-07,336
APP-1569,AppsFlyer,2022-05-10,336
APP-1570,AppsFlyer,2022-05-04,336
APP-1568,Tenjin,2025-11-08,50
APP-1571,AppsFlyer,2022-08-02,336
APP-1572,AppsFlyer,2022-08-20,336
APP-1573,AppsFlyer,2022-08-23,336
APP-1573,Adjust,2026-08-27,157
APP-1574,AppsFlyer,2024-09-22,336
APP-1575,Adjust,2021-11-05,157
APP-1576,Adjust,2021-11-08,157
APP-1577,Adjust,2021-12-06,157
APP-1578,Adjust,2021-11-28,157
APP-1579,Adjust,2021-11-18,157
APP-1579,AppsFlyer,2026-01-06,336
APP-1580,AppsFlyer,2021-02-19,336
APP-1581,AppsFlyer,2021-03-03,336
APP-1582,AppsFlyer,2021-03-06,336
APP-1583,AppsFlyer,2021-02-02,336
APP-1584,AppsFlyer,2021-02-20,336
APP-1581,Branch,2026-03-02,115
APP-1585,Branch,2025-01-20,115
APP-1586,Airbridge,2024-06-11,36
APP-1587,Airbridge,2024-06-07,36
APP-1588,Branch,2021-02-18,115
APP-1589,Branch,2021-02-23,115
APP-1589,Singular,2021-02-03,66
APP-1590,Adjust,2023-10-22,157
APP-1591,Adjust,2023-10-20,157
APP-1592,Adjust,2023-09-27,157
APP-1593,Adjust,2023-10-15,157
APP-1594,Adjust,2023-09-20,157
APP-1595,Adjust,2023-10-07,157
APP-1595,AppsFlyer,2026-07-14,336
APP-1596,Singular,2022-10-30,66
APP-1597,Singular,2022-10-27,66
APP-1596,AppsFlyer,2026-02-08,336
APP-1598,Kochava,2023-06-06,82
APP-1599,Kochava,2023-06-04,82
APP-1600,Kochava,2023-06-22,82
APP-1601,Kochava,2023-12-07,82
APP-1602,Adjust,2021-05-16,157
APP-1603,AppsFlyer,2022-09-22,336
APP-1604,Singular,2022-07-16,66
APP-1605,AppsFlyer,2023-04-09,336
APP-1606,Adjust,2021-10-28,157
APP-1607,Adjust,2025-07-25,157
APP-1608,Adjust,2025-08-13,157
APP-1608,Kochava,2026-04-05,82
APP-1609,Adjust,2025-02-02,157
APP-1610,Adjust,2025-02-20,157
APP-1611,Kochava,2022-08-02,82
APP-1612,Kochava,2022-08-14,82
APP-1613,Kochava,2022-08-01,82
APP-1614,Adjust,2022-03-07,157
APP-1615,Adjust,2022-04-11,157
APP-1614,Kochava,2022-03-16,82
APP-1616,Adjust,2022-10-11,157
APP-1617,Adjust,2022-09-22,157
APP-1618,Adjust,2022-09-26,157
APP-1619,Adjust,2022-09-05,157
APP-1620,Adjust,2022-09-09,157
APP-1621,Adjust,2023-02-09,157
APP-1622,Adjust,2022-12-30,157
APP-1623,Adjust,2023-01-01,157
APP-1624,Singular,2024-12-15,66
APP-1625,Singular,2025-01-06,66
APP-1626,Singular,2025-01-13,66
APP-1626,Airbridge,2025-12-21,36
APP-1627,Branch,2025-03-24,115
APP-1628,Branch,2025-03-26,115
APP-1629,AppsFlyer,2022-10-21,336
APP-1630,AppsFlyer,2022-09-26,336
APP-1631,Kochava,2023-10-08,82
APP-1632,Kochava,2023-09-26,82
APP-1633,Kochava,2023-10-20,82
APP-1634,Kochava,2023-09-22,82
APP-1635,Kochava,2023-10-26,82
APP-1636,Branch,2021-01-24,115
APP-1637,Branch,2021-02-13,115
APP-1638,Branch,2021-02-14,115
APP-1639,Branch,2021-01-28,115
APP-1640,AppsFlyer,2022-11-25,336
APP-1641,AppsFlyer,2022-12-05,336
APP-1642,Singular,2022-09-11,66
APP-1643,AppsFlyer,2023-05-16,336
APP-1644,AppsFlyer,2023-04-24,336
APP-1644,Branch,2026-06-29,115
APP-1645,Adjust,2025-06-24,157
APP-1646,Adjust,2025-06-28,157
APP-1645,AppsFlyer,2025-07-01,336
APP-1647,Kochava,2022-01-18,82
APP-1648,Kochava,2022-01-23,82
APP-1649,Kochava,2022-02-18,82
APP-1650,Adjust,2022-07-24,157
APP-1651,Adjust,2022-07-27,157
APP-1652,Adjust,2022-08-03,157
APP-1653,Adjust,2022-08-13,157
APP-1654,Adjust,2022-07-29,157
APP-1655,Adjust,2024-06-03,157
APP-1656,AppsFlyer,2024-09-19,336
APP-1657,AppsFlyer,2024-09-16,336
APP-1658,AppsFlyer,2024-09-04,336
APP-1656,Adjust,2026-04-20,157
APP-1659,AppsFlyer,2021-04-25,336
APP-1660,AppsFlyer,2021-03-29,336
APP-1661,AppsFlyer,2021-04-29,336
APP-1662,AppsFlyer,2021-04-09,336
APP-1663,AppsFlyer,2021-04-03,336
APP-1664,AppsFlyer,2021-04-07,336
APP-1663,Adjust,2026-01-19,157
APP-1665,Branch,2024-10-13,115
APP-1666,Branch,2024-10-18,115
APP-1667,AppsFlyer,2022-07-28,336
APP-1668,Singular,2025-02-12,66
APP-1669,AppsFlyer,2022-03-18,336
APP-1670,AppsFlyer,2022-03-04,336
APP-1669,Branch,2026-07-21,115
APP-1671,Singular,2025-02-28,66
APP-1672,Singular,2025-03-02,66
APP-1672,Adjust,2026-08-29,157
APP-1673,AppsFlyer,2023-12-22,336
APP-1674,Branch,2025-04-05,115
APP-1675,AppsFlyer,2021-04-06,336
APP-1676,AppsFlyer,2021-04-03,336
APP-1677,Kochava,2022-10-11,82
APP-1678,Kochava,2022-09-24,82
APP-1679,Branch,2021-07-07,115
APP-1680,Branch,2021-06-11,115
APP-1681,Singular,2022-04-08,66
APP-1682,Singular,2022-05-03,66
APP-1683,Singular,2022-04-13,66
APP-1684,Singular,2022-04-24,66
APP-1682,Tenjin,2026-03-03,50
APP-1685,AppsFlyer,2025-01-18,336
APP-1686,AppsFlyer,2024-12-31,336
APP-1685,Branch,2025-11-26,115
APP-1687,Tenjin,2023-02-15,50
APP-1688,Tenjin,2023-01-30,50
APP-1689,Tenjin,2023-02-26,50
APP-1687,Airbridge,2023-01-28,36
APP-1690,AppsFlyer,2024-02-07,336
APP-1691,AppsFlyer,2024-02-06,336
APP-1692,AppsFlyer,2024-03-08,336
APP-1693,AppsFlyer,2024-02-11,336
APP-1694,AppsFlyer,2024-01-28,336
APP-1695,AppsFlyer,2025-01-18,336
APP-1696,AppsFlyer,2025-01-12,336
APP-1696,Adjust,2025-10-13,157
APP-1697,Adjust,2024-06-29,157
APP-1698,AppsFlyer,2024-07-21,336
APP-1699,AppsFlyer,2024-07-15,336
APP-1700,AppsFlyer,2024-07-04,336
APP-1701,AppsFlyer,2023-10-16,336
APP-1702,AppsFlyer,2023-10-27,336
APP-1701,Kochava,2026-02-04,82
APP-1703,AppsFlyer,2022-05-05,336
APP-1704,AppsFlyer,2024-06-08,336
APP-1705,Singular,2024-06-28,66
APP-1706,Singular,2024-06-12,66
APP-1707,Singular,2024-06-03,66
APP-1708,Singular,2024-05-18,66
APP-1709,AppsFlyer,2023-12-28,336
APP-1710,Branch,2023-12-17,115
APP-1711,Branch,2023-12-28,115
APP-1712,AppsFlyer,2024-03-02,336
APP-1713,AppsFlyer,2024-03-04,336
APP-1714,AppsFlyer,2024-03-29,336
APP-1715,AppsFlyer,2024-03-21,336
APP-1716,AppsFlyer,2024-03-28,336
APP-1717,AppsFlyer,2025-07-04,336
APP-1718,AppsFlyer,2025-07-22,336
APP-1719,AppsFlyer,2025-07-18,336
APP-1720,AppsFlyer,2025-07-11,336
APP-1721,AppsFlyer,2024-01-08,336
APP-1722,AppsFlyer,2024-01-17,336
APP-1723,AppsFlyer,2023-12-25,336
APP-1724,AppsFlyer,2023-12-17,336
APP-1725,AppsFlyer,2023-12-21,336
APP-1726,Singular,2024-07-02,66
APP-1727,Singular,2024-07-20,66
APP-1728,Singular,2024-07-02,66
APP-1729,Singular,2024-07-05,66
APP-1730,Singular,2024-07-15,66
APP-1731,Singular,2024-06-23,66
APP-1732,Adjust,2024-08-23,157
APP-1733,Adjust,2024-08-24,157
APP-1734,AppsFlyer,2025-02-03,336
